"id","prGhost_mlp","prGhoul_mlp","prGoblin_mlp"
0,0.0175144635140896,0.541051030158997,0.446123570203781
1,0.0223580300807953,0.499525934457779,0.466241657733917
2,0.000125099541037343,0.975345194339752,0.0492693781852722
4,8.6352534708567e-05,0.981153845787048,0.0393606573343277
5,0.142780303955078,0.344347298145294,0.0452789142727852
7,0.251612514257431,0.126137375831604,0.693804860115051
8,0.0357162542641163,0.471292525529861,0.33656969666481
11,0.0299942884594202,0.468013107776642,0.36083447933197
12,0.978959619998932,0.0121871056035161,0.0512301474809647
19,0.995567500591278,0.00590406218543649,0.0138868689537048
22,0.838576436042786,0.0392391160130501,0.185477316379547
23,0.000135781680000946,0.974161803722382,0.0478698536753654
25,0.0014335485175252,0.878770470619202,0.189231246709824
27,0.170591831207275,0.20019818842411,0.434108465909958
28,0.00172756134998053,0.857732951641083,0.204757660627365
29,0.007506238296628,0.68754243850708,0.311172991991043
30,0.273604094982147,0.116037786006927,0.666146159172058
31,8.26530740596354e-05,0.981659233570099,0.0384121015667915
32,0.0509665384888649,0.362755209207535,0.573290050029755
34,0.20437279343605,0.232516184449196,0.155103981494904
35,0.101738817989826,0.265667051076889,0.47455906867981
36,0.047603003680706,0.394041121006012,0.512234151363373
37,0.0577101893723011,0.327744156122208,0.571849942207336
39,0.0346323698759079,0.447371751070023,0.494958966970444
45,0.000469025922939181,0.938876211643219,0.105007268488407
47,0.962919771671295,0.0226161740720272,0.0523254983127117
54,0.0155176790431142,0.556100964546204,0.4558424949646
56,0.0829078033566475,0.313959330320358,0.356453090906143
58,0.289025753736496,0.162689611315727,0.424352258443832
62,0.229349359869957,0.136902466416359,0.673628687858582
69,0.476233601570129,0.115953013300896,0.188350051641464
70,0.943806171417236,0.0198662709444761,0.106590375304222
71,0.00174277962651104,0.874976217746735,0.12432412058115
72,0.17159977555275,0.17808698117733,0.646198749542236
73,0.0019171250751242,0.853470802307129,0.150329381227493
75,0.880151629447937,0.0287181492894888,0.211183249950409
79,0.216827601194382,0.216614797711372,0.295912891626358
80,0.000236034975387156,0.961862862110138,0.066702589392662
82,0.00182416127063334,0.860329627990723,0.201107889413834
84,0.763946294784546,0.0560365207493305,0.143291145563126
85,0.00331931374967098,0.80217170715332,0.257026195526123
86,0.315828502178192,0.163403421640396,0.187668040394783
88,0.3496955037117,0.157168760895729,0.281332939863205
89,0.112152270972729,0.285531312227249,0.252643406391144
90,0.0286081004887819,0.473950028419495,0.498355001211166
91,0.829955756664276,0.0386710129678249,0.20255009829998
93,0.000772899365983903,0.919800460338593,0.0806950330734253
94,0.995263338088989,0.00527836382389069,0.0159351397305727
95,0.283494830131531,0.166895285248756,0.245762169361115
96,0.106264017522335,0.233275040984154,0.635550677776337
103,0.00242055207490921,0.827575743198395,0.20445191860199
107,0.000105197592347395,0.978290379047394,0.0441539511084557
109,0.997623801231384,0.00297160027548671,0.0113993864506483
111,0.381311565637589,0.183901146054268,0.0570653416216373
113,0.917794764041901,0.0376476496458054,0.0675949975848198
115,0.0524120852351189,0.349283427000046,0.637294948101044
118,0.971336841583252,0.0134965749457479,0.0652666389942169
119,0.0305924993008375,0.479502320289612,0.29564493894577
125,0.858758807182312,0.0439002960920334,0.0877660065889359
128,0.000205203628866002,0.966162323951721,0.0662522912025452
129,0.0668173059821129,0.338728874921799,0.404928952455521
130,0.56234472990036,0.0723328590393066,0.391471326351166
131,0.000323839747579768,0.954372346401215,0.0797477811574936
133,0.344550669193268,0.135479420423508,0.297989517450333
141,0.00042184503399767,0.946527361869812,0.0833391547203064
142,0.917205572128296,0.0342479683458805,0.0549612380564213
143,0.709241211414337,0.0566545911133289,0.356434285640717
155,0.000688215426634997,0.923248827457428,0.100198477506638
157,0.993459820747375,0.00698554283007979,0.0159137304872274
159,0.105150960385799,0.257436186075211,0.450313925743103
161,0.0182303991168737,0.597943007946014,0.238547146320343
162,0.994959890842438,0.0068873050622642,0.013829855248332
163,0.919513761997223,0.0338399596512318,0.089934378862381
165,0.004060341976583,0.767259478569031,0.288274735212326
168,0.0048414682969451,0.758407950401306,0.286514848470688
170,0.050411082804203,0.360396414995193,0.51483291387558
172,0.0213185828179121,0.504669606685638,0.466976165771484
174,0.988258242607117,0.0122112492099404,0.0229741372168064
175,0.000189950005733408,0.967122852802277,0.0616887547075748
176,0.00600449228659272,0.725840449333191,0.246336475014687
177,0.722935140132904,0.106959298253059,0.0333040319383144
180,0.903355836868286,0.0373438969254494,0.105693675577641
185,0.969979345798492,0.0138079551979899,0.0693133994936943
186,0.0062867971137166,0.72315239906311,0.213446199893951
189,0.990726828575134,0.00819744169712067,0.0260119177401066
192,0.185402289032936,0.157627880573273,0.694466710090637
193,0.000316547346301377,0.954797446727753,0.0821208581328392
194,0.309891581535339,0.175513908267021,0.133402988314629
195,0.00207557389512658,0.841109931468964,0.225004151463509
197,0.000531325524207205,0.935870468616486,0.111389890313148
199,0.841214835643768,0.0355953127145767,0.206788271665573
204,0.00147129676770419,0.871771812438965,0.17198546230793
205,0.0255521964281797,0.466384202241898,0.51355504989624
206,0.011723980307579,0.6302889585495,0.389046907424927
208,0.0241961795836687,0.508385241031647,0.334824115037918
215,0.0052669495344162,0.731904149055481,0.346234619617462
216,0.99583488702774,0.00468914303928614,0.014951579272747
218,0.136076509952545,0.228109896183014,0.476233035326004
219,0.392178863286972,0.115673936903477,0.513239800930023
222,0.832592964172363,0.038862768560648,0.226767301559448
224,0.992155015468597,0.00852868799120188,0.0155012607574463
226,0.955936431884766,0.0192343629896641,0.0714938342571259
227,0.961807072162628,0.0184580665081739,0.0594693869352341
229,0.581694424152374,0.0777556598186493,0.427476614713669
230,0.201550900936127,0.193783789873123,0.498621851205826
233,0.687038004398346,0.067442998290062,0.197622552514076
237,0.00019819063891191,0.967096447944641,0.0619721561670303
247,0.492268651723862,0.0752298608422279,0.57649177312851
258,0.0489949509501457,0.387211531400681,0.521533370018005
261,0.00120396644342691,0.888941645622253,0.140319749712944
262,0.956753313541412,0.0250405799597502,0.056639738380909
263,0.345382153987885,0.104450047016144,0.59412682056427
264,0.00325567903928459,0.795821845531464,0.251171857118607
265,0.972822546958923,0.0154857905581594,0.047218382358551
266,0.0625327229499817,0.36849707365036,0.432237654924393
268,0.918906271457672,0.0441856198012829,0.0386834964156151
272,0.915100455284119,0.0354366935789585,0.092719703912735
282,0.0197692308574915,0.521209716796875,0.407145708799362
283,0.981333613395691,0.00980921927839518,0.052975382655859
285,0.000989091000519693,0.900737583637238,0.141465872526169
286,0.689535439014435,0.070210762321949,0.26620802283287
287,0.214975789189339,0.173362731933594,0.606506049633026
291,0.244655907154083,0.191118717193604,0.363573312759399
293,0.00385003071278334,0.773498058319092,0.295285016298294
294,0.0279993172734976,0.474418520927429,0.389549911022186
296,0.423558950424194,0.173308506608009,0.0809804946184158
299,0.665019571781158,0.060632012784481,0.319243282079697
300,0.688005149364471,0.0738460198044777,0.150545209646225
301,0.00766813522204757,0.677565932273865,0.342594712972641
302,0.00114269275218248,0.890326797962189,0.14558307826519
305,0.0010105362161994,0.898751854896545,0.153543710708618
306,0.00324819353409111,0.832102656364441,0.109021447598934
307,0.0169096980243921,0.553062736988068,0.405508548021317
313,0.00151869677938521,0.869639813899994,0.191359207034111
315,0.0360462479293346,0.423326820135117,0.525598526000977
321,0.000517288222908974,0.934969246387482,0.103093892335892
323,0.035264827311039,0.400567531585693,0.593179941177368
324,0.974580883979797,0.0140316681936383,0.0509692505002022
325,0.194326624274254,0.200801089406013,0.491749227046967
327,0.00669390987604856,0.69656777381897,0.332627177238464
329,0.125182762742043,0.237612769007683,0.625580370426178
333,0.261462539434433,0.166478455066681,0.494272232055664
336,0.784879803657532,0.0522122979164124,0.167462661862373
338,0.00426722131669521,0.810187995433807,0.10170204937458
339,0.00650018220767379,0.706531226634979,0.296651810407639
340,0.574625134468079,0.0714094787836075,0.371311962604523
342,0.726281523704529,0.0698773637413979,0.198937952518463
343,0.344332873821259,0.104344539344311,0.606634020805359
346,0.00920659024268389,0.67211776971817,0.331176310777664
351,0.0266322381794453,0.533313632011414,0.175466790795326
355,0.535180449485779,0.0902864187955856,0.272599071264267
358,0.799900412559509,0.0536808036267757,0.101789385080338
359,0.787662088871002,0.0429246872663498,0.239306181669235
362,0.000238240318140015,0.962050080299377,0.0593744553625584
366,0.780101835727692,0.0580755807459354,0.199438706040382
367,0.000241022673435509,0.963182628154755,0.0611384063959122
368,0.323356360197067,0.115387685596943,0.567567408084869
369,0.0136525509878993,0.612798392772675,0.363290041685104
375,0.993536472320557,0.00699291657656431,0.0155528811737895
385,0.981684386730194,0.010781891644001,0.0455721504986286
387,0.967554569244385,0.016120033338666,0.061571579426527
389,0.152373671531677,0.224905595183372,0.545322954654694
390,0.0356488190591335,0.422399699687958,0.455975502729416
393,0.00371551490388811,0.790585279464722,0.188534408807755
394,0.0125061245635152,0.603799283504486,0.370079398155212
397,0.00284924427978694,0.819957792758942,0.233348503708839
399,0.000696198781952262,0.921601533889771,0.123896718025208
401,0.338928520679474,0.13037021458149,0.367131143808365
404,0.916179716587067,0.033750057220459,0.0608840845525265
409,0.890845060348511,0.0425691977143288,0.0919242575764656
410,0.00660353945568204,0.697686791419983,0.370262563228607
412,0.993750393390656,0.00738913379609585,0.0134166991338134
416,0.412699282169342,0.136596128344536,0.286969929933548
419,0.969353973865509,0.0163819510489702,0.0533658117055893
421,0.949716806411743,0.0207845568656921,0.0709776729345322
422,0.9821537733078,0.00960183143615723,0.0514370277523994
427,0.000283951841993257,0.957675874233246,0.0819194093346596
428,0.9969362616539,0.00398768857121468,0.012522648088634
429,0.277532130479813,0.142658784985542,0.432043939828873
434,0.00070992746623233,0.920955657958984,0.102450497448444
435,0.881919085979462,0.041537594050169,0.119504079222679
447,0.974551737308502,0.0183245297521353,0.041777029633522
448,0.00130021350923926,0.886451184749603,0.131742969155312
450,0.985893666744232,0.0149147687479854,0.0217065196484327
454,0.000650358968414366,0.923903107643127,0.124544732272625
458,0.0307122748345137,0.545884549617767,0.156320556998253
462,0.916869282722473,0.0225446056574583,0.149234354496002
464,0.995875835418701,0.00458343559876084,0.0156144369393587
465,0.993651568889618,0.00803447607904673,0.0163421593606472
466,0.0021527532953769,0.839979529380798,0.202581942081451
467,0.125999420881271,0.286562144756317,0.190064564347267
470,0.155670806765556,0.232697725296021,0.299004048109055
472,0.000366109685273841,0.950787246227264,0.0822993814945221
476,0.974298357963562,0.0126896053552628,0.0600228607654572
481,0.0996355041861534,0.230001032352448,0.719964683055878
482,0.382703542709351,0.14853723347187,0.261532127857208
487,0.0010053674923256,0.904150128364563,0.114304736256599
492,0.524984002113342,0.132060527801514,0.117335960268974
494,0.95957338809967,0.0281510818749666,0.0342125073075294
495,0.901519775390625,0.0431304946541786,0.071953572332859
497,0.000651387730613351,0.926941514015198,0.12158876657486
501,0.00143406947609037,0.872810959815979,0.189353913068771
502,0.0560970641672611,0.357857048511505,0.588440895080566
506,0.0106472251936793,0.643624782562256,0.398465216159821
507,0.771341562271118,0.0585897006094456,0.2198815792799
509,0.99138867855072,0.00780120398849249,0.0230675041675568
510,0.00162912730593234,0.86493194103241,0.169831842184067
511,0.0011539903935045,0.895025670528412,0.111738361418247
514,0.0754508450627327,0.331763058900833,0.478627473115921
515,0.0747284516692162,0.344783157110214,0.413736462593079
518,0.0318389125168324,0.438473790884018,0.473959773778915
520,0.00348540279082954,0.794809639453888,0.28899160027504
523,0.0949529632925987,0.278961181640625,0.446699559688568
528,0.969234228134155,0.0243752747774124,0.0288502313196659
534,0.00266673509031534,0.838211834430695,0.153666362166405
536,0.00191080337390304,0.858469367027283,0.181622311472893
540,0.00021145204664208,0.965514659881592,0.0664697363972664
542,0.989706993103027,0.0109444744884968,0.02240926399827
545,0.367508858442307,0.126365974545479,0.303321301937103
547,0.000587923044804484,0.931195974349976,0.118732862174511
549,0.996106624603271,0.00435774307698011,0.0151133853942156
552,0.0053031574934721,0.73545229434967,0.271672278642654
553,0.311927706003189,0.144800275564194,0.490206867456436
556,0.1485965102911,0.180421948432922,0.727874279022217
557,0.039864357560873,0.409613132476807,0.447140902280807
558,0.00313225900754333,0.805084705352783,0.19616337120533
559,0.000405900413170457,0.946315169334412,0.0942512080073357
561,0.00761042395606637,0.684705376625061,0.373827308416367
564,0.974270701408386,0.0142638869583607,0.0508828014135361
565,0.0033765675034374,0.80341625213623,0.174221694469452
570,0.00197162060067058,0.886605620384216,0.0520089231431484
574,0.856080651283264,0.0429356396198273,0.0962197035551071
575,0.000159067596541718,0.971531569957733,0.0579748079180717
579,0.0109853828325868,0.627622067928314,0.330880612134933
580,0.426703363656998,0.0994317084550858,0.568048655986786
581,0.247088819742203,0.156613126397133,0.626544058322906
582,0.0310809593647718,0.454446613788605,0.389338612556458
583,0.000241383502725512,0.963052988052368,0.0616270117461681
584,0.000246203737333417,0.96079558134079,0.0714662373065948
585,0.330942511558533,0.10481059551239,0.620998561382294
586,0.0038058536592871,0.778756141662598,0.250574588775635
589,0.0491197630763054,0.397837996482849,0.331807911396027
590,0.928983688354492,0.0281229503452778,0.0719616562128067
593,0.98947662115097,0.00770689267665148,0.0321197211742401
594,0.946304857730865,0.0216814782470465,0.0781965926289558
598,0.992567241191864,0.00961812864989042,0.0155761800706387
600,0.918596744537354,0.036748118698597,0.0727366954088211
601,0.990967273712158,0.007540846709162,0.0277772918343544
604,0.120138987898827,0.211588844656944,0.675402462482452
607,7.87176104495302e-05,0.982552409172058,0.0387992784380913
608,0.00116957991849631,0.894426107406616,0.159504175186157
609,0.991123616695404,0.0100904060527682,0.0193899963051081
610,0.205176994204521,0.211080431938171,0.373645037412643
614,0.0105118025094271,0.643221735954285,0.285641968250275
616,0.993404686450958,0.00829795282334089,0.0165412109345198
617,0.332655906677246,0.12471392005682,0.445573389530182
621,0.000253765349043533,0.960391461849213,0.0615559592843056
625,0.99034184217453,0.0117901088669896,0.0170230641961098
627,0.000903401640243828,0.907610177993774,0.155504629015923
630,0.114575549960136,0.223040819168091,0.653749227523804
631,0.912926912307739,0.0432819910347462,0.0498308055102825
632,0.972245335578918,0.0189850013703108,0.0457230247557163
637,0.401573419570923,0.0896795466542244,0.623705208301544
641,0.326522171497345,0.144921451807022,0.46188360452652
647,0.0190764013677835,0.539252042770386,0.501678287982941
651,0.553731262683868,0.123647518455982,0.113398440182209
653,0.979012548923492,0.0163642112165689,0.0304976403713226
654,0.22640997171402,0.142296984791756,0.634754478931427
661,0.0797974541783333,0.29669788479805,0.485556572675705
662,0.0168766416609287,0.562735199928284,0.466802418231964
663,0.0165718253701925,0.587788224220276,0.237815797328949
664,0.998136401176453,0.00225067557767034,0.0108901578933001
667,0.996119379997253,0.00485248258337379,0.0129269566386938
669,0.107718415558338,0.304986834526062,0.339958876371384
674,0.00104292435571551,0.902993500232697,0.13954570889473
676,0.683384299278259,0.055068127810955,0.329518049955368
677,0.854161858558655,0.0293402690440416,0.245350256562233
678,0.713163018226624,0.053772509098053,0.295089423656464
679,0.00116912205703557,0.889167487621307,0.15352638065815
680,0.000518185144755989,0.936541855335236,0.11675526201725
682,0.544313013553619,0.0921776592731476,0.249573931097984
684,0.000330265116645023,0.953684329986572,0.0809507891535759
685,0.186880558729172,0.220656022429466,0.409104466438293
686,0.873948633670807,0.0362887717783451,0.124550975859165
688,8.36005638120696e-05,0.98163890838623,0.0399876609444618
690,0.986629724502563,0.0132590997964144,0.0248980447649956
693,0.00623305467888713,0.718827545642853,0.260150104761124
695,0.018323041498661,0.597148656845093,0.133706286549568
696,0.0193111468106508,0.55395245552063,0.26334473490715
698,0.00348109100013971,0.791241109371185,0.223349094390869
699,0.993653655052185,0.00693021854385734,0.0156418420374393
700,0.00995239987969398,0.656131386756897,0.367854416370392
701,0.186858996748924,0.170796409249306,0.68035876750946
705,0.987798392772675,0.0108452197164297,0.0209291148930788
708,0.00288391928188503,0.812698066234589,0.186324566602707
709,0.0374525487422943,0.418639123439789,0.545468151569366
714,0.0120406066998839,0.613984525203705,0.471754193305969
715,0.287212073802948,0.131882220506668,0.531591594219208
716,0.0144542912021279,0.608008563518524,0.341135531663895
719,0.7963787317276,0.0445094518363476,0.203245162963867
721,0.802786469459534,0.0614729486405849,0.12401831895113
722,0.000101777834061068,0.979142487049103,0.0442194417119026
727,0.912783086299896,0.0322676859796047,0.117714039981365
728,0.000337365869199857,0.951827704906464,0.0896919593214989
729,0.000136913964524865,0.973831653594971,0.0484946817159653
731,0.000252877274760976,0.961122691631317,0.0722415968775749
732,0.000115746814117301,0.976763904094696,0.045921940356493
733,0.000109811306174379,0.978025913238525,0.0450638309121132
734,0.0113159781321883,0.659042954444885,0.257728785276413
736,0.018757002428174,0.523315906524658,0.464689284563065
737,0.000992689747363329,0.905274152755737,0.137765109539032
739,0.0536030381917953,0.345829129219055,0.554087460041046
741,0.00150249933358282,0.872371554374695,0.164766609668732
743,0.0131216170266271,0.612487077713013,0.393647372722626
745,0.221877112984657,0.15243524312973,0.584633886814117
746,0.0223753191530704,0.523770213127136,0.312074989080429
747,0.000898412603419274,0.905753135681152,0.151070311665535
750,0.00499652326107025,0.747531890869141,0.353803366422653
751,0.0328279174864292,0.445310711860657,0.547149181365967
753,0.000625497777946293,0.931898891925812,0.0895506963133812
754,0.0606851391494274,0.311979383230209,0.639965653419495
756,0.994832873344421,0.00573527486994863,0.0159505046904087
761,0.803615748882294,0.0560589246451855,0.1673653870821
766,0.030099181458354,0.437940150499344,0.5257728099823
772,0.000813342980109155,0.91674941778183,0.0856668427586555
775,0.0112964482977986,0.693695604801178,0.0921845510601997
777,0.000639732286799699,0.927186608314514,0.126514345407486
779,0.0088826073333621,0.6978799700737,0.23743100464344
785,0.989359140396118,0.00946596637368202,0.020702563226223
786,0.00584050873294473,0.735630452632904,0.204114735126495
792,0.00127131189219654,0.900211691856384,0.0635489001870155
793,0.371215969324112,0.153283044695854,0.259355276823044
797,0.000479282607557252,0.939998269081116,0.107810765504837
801,0.385239034891129,0.0955639109015465,0.572722673416138
802,0.103793926537037,0.285291463136673,0.327390342950821
804,0.513804972171783,0.101440221071243,0.20595671236515
809,0.699259161949158,0.0804315358400345,0.149476885795593
812,0.315972775220871,0.191564127802849,0.159098923206329
813,0.000630420981906354,0.92584228515625,0.109350793063641
814,0.00471361074596643,0.760301232337952,0.202326014637947
817,0.0852012112736702,0.27497011423111,0.706567585468292
819,0.0327929928898811,0.477477997541428,0.37798610329628
820,0.000259476684732363,0.960331499576569,0.0758568421006203
827,0.00925612915307283,0.660737454891205,0.355532765388489
829,0.99365770816803,0.0063828332349658,0.0186112690716982
831,0.000742092670407146,0.918232977390289,0.11405087262392
836,0.0336748361587524,0.42616793513298,0.638923168182373
837,0.808057546615601,0.0530496202409267,0.104370214045048
839,0.0450223982334137,0.395561903715134,0.377908051013947
840,0.0084607470780611,0.68757438659668,0.21899451315403
841,0.599548578262329,0.0540697425603867,0.518369913101196
843,0.00561175728216767,0.734583079814911,0.341224431991577
845,0.00889461673796177,0.652733087539673,0.389972716569901
846,0.380551218986511,0.158188715577126,0.201227277517319
847,0.571418762207031,0.108910851180553,0.0913283154368401
849,0.0843537822365761,0.275184392929077,0.569943785667419
851,0.0525490418076515,0.334535658359528,0.654475212097168
855,0.00411528069525957,0.777177453041077,0.196714416146278
858,0.961952030658722,0.0145964547991753,0.0910761132836342
861,0.0331401377916336,0.424083739519119,0.654418706893921
864,0.0603658743202686,0.32792341709137,0.535253465175629
867,0.0228629056364298,0.522188663482666,0.301923781633377
873,0.451944351196289,0.0959239825606346,0.403216123580933
874,0.964910268783569,0.0281723402440548,0.0240366440266371
877,0.00680398242548108,0.695527791976929,0.319708406925201
878,0.0040889666415751,0.777472198009491,0.279648184776306
886,0.014162702485919,0.576827466487885,0.507344245910645
889,0.0990543887019157,0.277214854955673,0.425594359636307
890,0.0716086030006409,0.325381070375443,0.415676683187485
896,0.969526886940002,0.0183648373931646,0.0351044945418835
897,0.000243939328356646,0.964395821094513,0.0491906106472015
3,0.00032936644856818,0.951683223247528,0.0823955535888672
6,0.113654986023903,0.318960279226303,0.233005166053772
9,0.00298486440442502,0.80769956111908,0.203333720564842
10,0.200015217065811,0.261109590530396,0.147832423448563
13,0.953987300395966,0.0205475613474846,0.0629339069128036
14,0.988820195198059,0.0106254182755947,0.0262289941310883
15,0.00255823880434036,0.836816012859344,0.182136446237564
16,0.0229355189949274,0.490552127361298,0.561526775360107
17,0.204793006181717,0.151996627449989,0.724924981594086
18,0.000904833315871656,0.905778765678406,0.147021234035492
20,0.944330096244812,0.0288128554821014,0.0658973082900047
21,0.00285030389204621,0.813215851783752,0.19733889400959
24,0.405207008123398,0.106947906315327,0.395467728376389
26,0.966898083686829,0.0230785701423883,0.0213252753019333
33,0.000469325081212446,0.941237509250641,0.101405844092369
38,0.765788018703461,0.058384295552969,0.123849391937256
40,0.00933687947690487,0.661753356456757,0.274033635854721
41,0.987611293792725,0.00876920577138662,0.0361595638096333
42,0.930078446865082,0.031362310051918,0.0813597366213799
43,0.00252170721068978,0.827136158943176,0.183249041438103
44,0.00411923788487911,0.769685029983521,0.266255229711533
46,0.00408951053395867,0.766102313995361,0.271104246377945
48,0.00335407489910722,0.788538217544556,0.288423091173172
49,0.391607999801636,0.110975548624992,0.401580691337585
50,0.0528061725199223,0.378824800252914,0.371641993522644
51,0.018222464248538,0.524577379226685,0.54686176776886
52,0.00050101854139939,0.936259329319,0.107623405754566
53,0.0232095364481211,0.487612575292587,0.504277765750885
55,0.000442551594460383,0.943431437015533,0.0865806937217712
57,0.00681389216333628,0.693804979324341,0.343169659376144
59,0.0060845110565424,0.727121353149414,0.329989314079285
60,0.00121736980509013,0.894468486309052,0.138536512851715
61,0.000210393191082403,0.966221928596497,0.0461318753659725
63,0.00765006802976131,0.688273310661316,0.391168892383575
64,0.0627104714512825,0.31893727183342,0.562157392501831
65,0.000252943573286757,0.959911584854126,0.069009430706501
66,0.376779079437256,0.12667053937912,0.27479612827301
67,0.00698388647288084,0.69757878780365,0.289806127548218
68,0.981677114963531,0.018386997282505,0.0226973760873079
74,0.00221578869968653,0.842788755893707,0.227197393774986
76,0.581297338008881,0.06754020601511,0.411349773406982
77,0.00197192840278149,0.856551289558411,0.186023622751236
78,0.00465225195512176,0.758764624595642,0.327162176370621
81,0.00644714990630746,0.717902719974518,0.340968459844589
83,0.662437915802002,0.0494764521718025,0.444532722234726
87,0.00344223622232676,0.809271216392517,0.191428497433662
92,0.000420466589275748,0.945616245269775,0.0906411930918694
97,0.000749703962355852,0.916531801223755,0.124610029160976
98,0.000771815597545356,0.920009016990662,0.115429401397705
99,0.506278157234192,0.0846775099635124,0.39612865447998
100,0.0308953635394573,0.446347534656525,0.454366564750671
101,0.0381610840559006,0.499687492847443,0.11759439855814
102,0.993799209594727,0.00769135868176818,0.0165946949273348
104,0.12597194314003,0.219243392348289,0.579551756381989
105,0.0886268392205238,0.260407745838165,0.763588786125183
106,0.991621494293213,0.00817655213177204,0.0201183892786503
108,0.0737584680318832,0.279061913490295,0.654049217700958
110,0.0119232488796115,0.613666832447052,0.355488955974579
112,0.000152603679453023,0.972571790218353,0.0533494092524052
114,0.951360166072845,0.0290377456694841,0.0470197461545467
116,0.00662636943161488,0.710199594497681,0.268756330013275
117,0.0036317587364465,0.785937428474426,0.28324156999588
120,0.902791440486908,0.0246976278722286,0.171494320034981
121,0.0317833684384823,0.444890230894089,0.593824625015259
122,0.000567355717066675,0.931046068668365,0.12101112306118
123,0.00658224383369088,0.726400852203369,0.198974370956421
124,0.00026361079653725,0.959979653358459,0.073685884475708
126,0.0135060884058475,0.607643246650696,0.273806691169739
127,0.177716225385666,0.257692962884903,0.228124737739563
132,0.00193283287808299,0.850504219532013,0.170614525675774
134,0.6208735704422,0.0725287422537804,0.291935801506042
135,0.464785426855087,0.129668802022934,0.132325142621994
136,0.00243097171187401,0.846082389354706,0.102104663848877
137,0.00130835152231157,0.886153042316437,0.1296067237854
138,0.0309114791452885,0.45075848698616,0.43722277879715
139,0.00117088516708463,0.897488832473755,0.133450955152512
140,0.00370757700875401,0.777481377124786,0.286883890628815
144,0.00533525878563523,0.729043304920197,0.34718456864357
145,0.931272983551025,0.0220113974064589,0.118041977286339
146,0.0912057310342789,0.253738433122635,0.630255103111267
147,0.929015934467316,0.0225778799504042,0.122805722057819
148,0.0104225324466825,0.635980308055878,0.484819322824478
149,0.00135842489544302,0.885921776294708,0.153876051306725
150,0.00831916462630033,0.66382497549057,0.354901075363159
151,0.665627717971802,0.0711094439029694,0.186597406864166
152,0.993960797786713,0.00593441026285291,0.0199333094060421
153,0.91779100894928,0.0256572142243385,0.149153158068657
154,0.0950348302721977,0.27670630812645,0.622696101665497
156,0.99322110414505,0.00704623479396105,0.0175727251917124
158,0.936621785163879,0.0228689406067133,0.0915937870740891
160,0.996497511863708,0.00376013363711536,0.0153342355042696
164,0.955105304718018,0.0301272105425596,0.0341978557407856
166,0.0192107651382685,0.522897660732269,0.460013180971146
167,0.258179903030396,0.136730343103409,0.581359565258026
169,0.987323403358459,0.00952046178281307,0.03117286413908
171,0.941050469875336,0.0250350553542376,0.0681763663887978
173,0.357706546783447,0.117807306349277,0.405262440443039
178,0.306151568889618,0.134676769375801,0.434124052524567
179,0.00566504709422588,0.72013795375824,0.354182720184326
181,0.635205209255219,0.0602385252714157,0.380907505750656
182,0.0049721603281796,0.752626061439514,0.311839520931244
183,0.0899823531508446,0.27592459321022,0.50595098733902
184,0.011395544745028,0.614910185337067,0.379057347774506
187,0.627011299133301,0.0893602818250656,0.220335379242897
188,8.57777122291736e-05,0.981776058673859,0.0367236062884331
190,0.0025046553928405,0.823580741882324,0.241582006216049
191,0.00708680273965001,0.69161319732666,0.328592091798782
196,0.608637452125549,0.0747105702757835,0.27095752954483
198,0.0027395945508033,0.821664869785309,0.175145387649536
200,0.00147238781210035,0.880813419818878,0.155508667230606
201,0.619757831096649,0.0757526159286499,0.360899418592453
202,0.552076995372772,0.0763880014419556,0.395669966936111
203,0.468243926763535,0.085785910487175,0.444665163755417
207,0.0268497262150049,0.488893985748291,0.319757789373398
209,0.00139984826091677,0.882224142551422,0.167815208435059
210,0.83672422170639,0.0371243134140968,0.203301265835762
211,0.227284982800484,0.143156781792641,0.714646518230438
212,0.00377286411821842,0.783369362354279,0.31340479850769
213,0.00301031628623605,0.806920170783997,0.277027457952499
214,0.945094525814056,0.0251526907086372,0.0576677620410919
217,0.0562375858426094,0.366748958826065,0.383741408586502
220,0.694059908390045,0.0632866993546486,0.318432092666626
221,0.955389559268951,0.0171411018818617,0.0910215824842453
223,0.0046923803165555,0.761150240898132,0.292537599802017
225,0.000158046939759515,0.971636712551117,0.0586674958467484
228,0.988068699836731,0.0112117389217019,0.020286813378334
231,0.961895704269409,0.0172527674585581,0.0781818851828575
232,0.977792322635651,0.0210619643330574,0.0197462737560272
234,0.000261809880612418,0.961280524730682,0.0487690605223179
235,0.00525575177744031,0.73692774772644,0.300404936075211
236,0.955253005027771,0.0232916139066219,0.0698089823126793
238,0.0501570627093315,0.388182461261749,0.498065829277039
239,0.0217251442372799,0.496459722518921,0.488717764616013
240,0.00104148872196674,0.898621022701263,0.169807106256485
241,0.359248638153076,0.125139862298965,0.344990104436874
242,0.0120363021269441,0.636747717857361,0.328695476055145
243,0.000107120198663324,0.978323757648468,0.0468199700117111
244,0.00886258389800787,0.654603064060211,0.371626138687134
245,0.184274464845657,0.161325171589851,0.742695152759552
246,0.858197152614594,0.0366646908223629,0.163615763187408
248,0.000325346161844209,0.953081071376801,0.0888146609067917
249,0.835264086723328,0.0370750352740288,0.209363952279091
250,0.567696332931519,0.0816778466105461,0.270102113485336
251,0.00110035145189613,0.899626791477203,0.14425340294838
252,0.00415748544037342,0.767596006393433,0.257242262363434
253,0.95774906873703,0.0256502665579319,0.0503943748772144
254,0.00435718894004822,0.771141946315765,0.280947923660278
255,0.607060372829437,0.0617101490497589,0.406228810548782
256,0.993909239768982,0.00741739431396127,0.0171239264309406
257,0.543663442134857,0.1042460501194,0.266410976648331
259,0.0028776980470866,0.817333996295929,0.247599095106125
260,0.00425294460728765,0.788721919059753,0.124073997139931
267,0.00378003274090588,0.785690784454346,0.285355359315872
269,0.0269374158233404,0.495523303747177,0.448519706726074
270,0.0472107268869877,0.347717642784119,0.631534278392792
271,0.990682542324066,0.00883166398853064,0.0209787879139185
273,0.000195621541934088,0.967319071292877,0.0634077340364456
274,0.000297654944006354,0.956502616405487,0.0803519040346146
275,0.966489434242249,0.0172059703618288,0.0511039793491364
276,0.000120852069812827,0.977340519428253,0.0389420427381992
277,0.000192164661712013,0.966779351234436,0.0608274526894093
278,0.00165280082728714,0.871266007423401,0.168706849217415
279,0.00307252909988165,0.806609809398651,0.284819722175598
280,0.00470961537212133,0.745981156826019,0.310809761285782
281,0.98766678571701,0.0120242647826672,0.0253951996564865
284,0.988152742385864,0.0116116264835,0.0256822425872087
288,0.249847322702408,0.161988750100136,0.391775012016296
289,0.993970036506653,0.00817727576941252,0.0145217413082719
290,0.0520668365061283,0.370116978883743,0.569198548793793
292,0.872967779636383,0.0466409958899021,0.104162409901619
295,0.968634724617004,0.0152778923511505,0.0578746534883976
297,0.00178105314262211,0.868784666061401,0.155751526355743
298,0.996483266353607,0.00429753493517637,0.0129851503297687
303,0.00568160321563482,0.728086173534393,0.257058501243591
304,0.00149297306779772,0.887533962726593,0.106348596513271
308,0.000257143197814003,0.959715485572815,0.0662941336631775
309,0.710900366306305,0.0663888826966286,0.264643549919128
310,0.000154221124830656,0.971495628356934,0.055127140134573
311,0.00077545567182824,0.917514622211456,0.147014901041985
312,0.00162831076886505,0.864137411117554,0.167260557413101
314,0.97294282913208,0.0198950655758381,0.0389744639396667
316,0.878655076026917,0.048453114926815,0.0422154478728771
317,0.000896839774213731,0.906658113002777,0.138460919260979
318,0.991486549377441,0.00860431883484125,0.0191440563648939
319,0.988490104675293,0.0123288873583078,0.0221317335963249
320,0.0983233377337456,0.265441447496414,0.498323142528534
322,0.0928020924329758,0.289595037698746,0.402636021375656
326,0.00143499230034649,0.878989219665527,0.183164268732071
328,0.00427636038511992,0.818415284156799,0.0759303495287895
330,0.991966784000397,0.00740666221827269,0.0218458604067564
331,0.990042328834534,0.00973016116768122,0.0194975174963474
332,0.000251386605668813,0.96091240644455,0.0777475833892822
334,0.203118234872818,0.147624462842941,0.760340452194214
335,0.955671548843384,0.02083969861269,0.0620177164673805
337,0.000229163852054626,0.965519607067108,0.0489742234349251
341,0.118503920733929,0.3161601126194,0.218001157045364
344,0.0491921305656433,0.379131674766541,0.568262040615082
345,0.0196562167257071,0.519769966602325,0.460769802331924
347,0.00228078383952379,0.84163224697113,0.154929876327515
348,0.000482576171634719,0.93740451335907,0.0997974872589111
349,0.983989536762238,0.0148384580388665,0.0270757954567671
350,0.992707133293152,0.00625892262905836,0.0234938692301512
352,0.99631279706955,0.00363392638973892,0.0171897783875465
353,0.902543723583221,0.0346460901200771,0.126848518848419
354,0.00352890719659626,0.797141373157501,0.255417168140411
356,0.917370975017548,0.0326955877244473,0.108914040029049
357,0.13828232884407,0.214937448501587,0.525204002857208
360,0.493618041276932,0.0943953320384026,0.461143761873245
361,0.0658265426754951,0.346013307571411,0.508983314037323
363,0.00119416508823633,0.892069637775421,0.165320709347725
364,0.426314502954483,0.113416969776154,0.449995338916779
365,0.422553569078445,0.149988517165184,0.175837337970734
370,0.972660064697266,0.0153152039274573,0.0477195754647255
371,0.994781672954559,0.00605329452082515,0.0147169176489115
372,0.17034649848938,0.193996295332909,0.664398074150085
373,0.562606394290924,0.0828619301319122,0.292279034852982
374,0.00210057129152119,0.848945915699005,0.208567902445793
376,0.996796905994415,0.00390446186065674,0.0130628403276205
377,0.000151168293086812,0.972302079200745,0.0483228676021099
378,0.0386644415557384,0.406155377626419,0.637157559394836
379,0.0307961516082287,0.435151249170303,0.522897958755493
380,0.170127362012863,0.177308857440948,0.617431044578552
381,0.171873956918716,0.228596553206444,0.423544853925705
382,0.000361946644261479,0.94874107837677,0.0896663814783096
383,0.0013876382727176,0.882913172245026,0.1686732172966
384,0.0865864977240562,0.280131191015244,0.665769934654236
386,0.994293928146362,0.00642205448821187,0.0158910378813744
388,0.990084648132324,0.0096156345680356,0.0250539369881153
391,0.122571870684624,0.216972291469574,0.630536615848541
392,0.855850636959076,0.0353962779045105,0.178309202194214
395,0.238095805048943,0.152201786637306,0.670506715774536
396,0.070625327527523,0.336895555257797,0.489437431097031
398,0.936619520187378,0.0310217514634132,0.0706532448530197
400,0.994232296943665,0.00630913116037846,0.015870900824666
402,0.99396800994873,0.00640857126563787,0.0167944319546223
403,0.00263804220594466,0.818674266338348,0.228032812476158
405,0.749551951885223,0.0550926402211189,0.179960399866104
406,0.000138449206133373,0.974184691905975,0.0521586015820503
407,0.134940579533577,0.276155084371567,0.199043601751328
408,0.136802822351456,0.261672794818878,0.263460010290146
411,0.968515992164612,0.0219923481345177,0.0410776175558567
413,0.948454737663269,0.0250950958579779,0.0781470462679863
414,0.997413456439972,0.00316986395046115,0.0120914336293936
415,0.989942610263824,0.00918334443122149,0.0225319992750883
417,0.141019269824028,0.246534451842308,0.469247907400131
418,0.426866978406906,0.133268550038338,0.267246663570404
420,0.0316704474389553,0.427336364984512,0.523534178733826
423,0.997260212898254,0.00338496384210885,0.0121276509016752
424,0.926660537719727,0.032045055180788,0.0878572911024094
425,0.0180471353232861,0.530570864677429,0.484755486249924
426,0.975742161273956,0.0178995653986931,0.0385253876447678
430,0.781874418258667,0.0541432239115238,0.231375649571419
431,0.677152991294861,0.0602078549563885,0.300970613956451
432,0.167386174201965,0.358624041080475,0.0309241581708193
433,0.0210626535117626,0.570240616798401,0.26539820432663
436,0.00155411474406719,0.872560501098633,0.196712151169777
437,0.99500960111618,0.00519455503672361,0.0174135230481625
438,0.000243531729211099,0.961836099624634,0.0749058648943901
439,0.215116068720818,0.192752569913864,0.469953626394272
440,0.984409332275391,0.0108889201655984,0.0340977385640144
441,0.925405859947205,0.0265859309583902,0.0890452265739441
442,0.0569453835487366,0.325452923774719,0.71360969543457
443,0.976628661155701,0.0130857899785042,0.0512936450541019
444,0.0599814131855965,0.382407397031784,0.263027340173721
445,0.0314321853220463,0.437159597873688,0.496919363737106
446,0.00019703917496372,0.96840113401413,0.0513340160250664
449,0.0112962611019611,0.65215390920639,0.202013328671455
451,0.010039284825325,0.644071519374847,0.312086492776871
452,0.422934710979462,0.10649623721838,0.364516317844391
453,0.878229796886444,0.0334330573678017,0.139708414673805
455,0.00173890485893935,0.858440339565277,0.200007498264313
456,0.031998585909605,0.450120747089386,0.532129406929016
457,0.745827317237854,0.0607012584805489,0.1527189463377
459,0.321982562541962,0.106406487524509,0.66071605682373
460,0.000157913309521973,0.97208034992218,0.0522578693926334
461,0.00211537419818342,0.84000825881958,0.21188148856163
463,0.0136435329914093,0.578936278820038,0.441057205200195
468,0.0110945655032992,0.629180610179901,0.301605433225632
469,0.0245976392179728,0.468266755342484,0.591881990432739
471,0.836202144622803,0.0410245582461357,0.161059111356735
473,0.983117282390594,0.009702417999506,0.0472907721996307
474,0.154809460043907,0.204385414719582,0.657846212387085
475,8.33595986478031e-05,0.981882512569427,0.039090596139431
477,0.000818662287201732,0.912367701530457,0.131758376955986
478,0.00142253923695534,0.88647735118866,0.130375295877457
479,0.00660406146198511,0.699074625968933,0.3905029296875
480,0.616729557514191,0.0930169299244881,0.216464683413506
483,0.0128744691610336,0.629449009895325,0.195664674043655
484,0.403651475906372,0.133888304233551,0.190191030502319
485,0.858038127422333,0.0430643931031227,0.160443738102913
486,0.0514865815639496,0.353341519832611,0.606045186519623
488,0.967347025871277,0.0190218221396208,0.0385800749063492
489,0.000681535108014941,0.923899531364441,0.137982726097107
490,0.0148120494559407,0.585334539413452,0.326344639062881
491,0.115336932241917,0.231866672635078,0.607520580291748
493,0.0043502626940608,0.775714755058289,0.170631811022758
496,0.974863350391388,0.0177872870117426,0.0425358228385448
498,0.0262492056936026,0.463577210903168,0.509111762046814
499,0.934883713722229,0.0228262506425381,0.116171956062317
500,0.0278684422373772,0.532314598560333,0.252464473247528
503,0.00981975253671408,0.633246183395386,0.40899720788002
504,0.259814083576202,0.155991539359093,0.525860846042633
505,0.984938144683838,0.0102518340572715,0.0368783809244633
508,0.738722622394562,0.0634646043181419,0.223031252622604
512,0.000242580907070078,0.962230443954468,0.0576638206839561
513,0.0287302415817976,0.462440669536591,0.416227847337723
516,0.177469909191132,0.257924139499664,0.125841870903969
517,0.085179828107357,0.288723677396774,0.488499015569687
519,0.850473046302795,0.034790888428688,0.19084957242012
521,0.197733417153358,0.217777788639069,0.221599295735359
522,0.000483108713524416,0.939984440803528,0.102627947926521
524,0.000679780379869044,0.924051463603973,0.137148678302765
525,0.157970041036606,0.171949177980423,0.7805295586586
526,0.985181093215942,0.0107658272609115,0.0367689430713654
527,0.985475897789001,0.0180145986378193,0.0123200351372361
529,0.0120367500931025,0.634383678436279,0.335253834724426
530,0.385951608419418,0.0918658673763275,0.593751430511475
531,0.984195172786713,0.010257969610393,0.0401354804635048
532,0.989638388156891,0.00867263972759247,0.0259743742644787
533,0.0334224365651608,0.499836504459381,0.174468651413918
535,0.987955927848816,0.0124501995742321,0.0140524702146649
537,0.564589023590088,0.0869117453694344,0.377978146076202
538,0.00260462425649166,0.833741366863251,0.201033696532249
539,0.0116108926013112,0.60164749622345,0.421896457672119
541,0.992594242095947,0.00747452583163977,0.0192161872982979
543,0.235690012574196,0.173166781663895,0.357794642448425
544,0.990614295005798,0.0078106471337378,0.027880446985364
546,0.0650712475180626,0.305608958005905,0.641542613506317
548,0.988362312316895,0.0135547127574682,0.0183849930763245
550,0.00014582225412596,0.973365187644958,0.0522059388458729
551,0.000613332784269005,0.935318291187286,0.0729210898280144
554,0.00766797177493572,0.695686221122742,0.342705547809601
555,0.0169332474470139,0.567170321941376,0.437468767166138
560,0.979542016983032,0.0136860786005855,0.0323843508958817
562,0.991891741752625,0.00721286376938224,0.0236807949841022
563,0.0157305225729942,0.609469294548035,0.182050257921219
566,0.895375549793243,0.0350045971572399,0.143122240900993
567,0.000863419438246638,0.912447273731232,0.0995752885937691
568,0.0196318179368973,0.536710143089294,0.340489387512207
569,0.000291426462354138,0.956198871135712,0.0684343427419662
571,0.00196175766177475,0.846177935600281,0.19560880959034
572,0.0191303882747889,0.520673036575317,0.447479784488678
573,0.0300954394042492,0.484154284000397,0.285979509353638
576,0.0343622639775276,0.409939408302307,0.623809456825256
577,0.90182888507843,0.0287689603865147,0.150360077619553
578,0.278200805187225,0.142388135194778,0.467692166566849
587,0.981141209602356,0.016162371262908,0.0303687993437052
588,0.0180875565856695,0.533457279205322,0.552654325962067
591,0.957414627075195,0.0255965106189251,0.0489148460328579
592,0.00320383231155574,0.795295417308807,0.271518409252167
595,0.000437411305028945,0.943480134010315,0.107172600924969
596,0.994598925113678,0.00505390204489231,0.0202775374054909
597,0.00208826246671379,0.843732953071594,0.239299356937408
599,0.971844792366028,0.0236376542598009,0.0258032083511353
602,0.002609190531075,0.825100779533386,0.263304948806763
603,0.0121867032721639,0.608590304851532,0.364495992660522
605,0.00848714541643858,0.684499561786652,0.324683755636215
606,0.99555367231369,0.00445444462820888,0.0177607480436563
611,0.981984436511993,0.0118411695584655,0.0400038808584213
612,0.00063433701870963,0.92627477645874,0.111475579440594
613,0.192418724298477,0.151895061135292,0.763175427913666
615,0.993051648139954,0.00744051206856966,0.0170556418597698
618,0.321479171514511,0.154840096831322,0.374585002660751
619,0.996606171131134,0.00375210423953831,0.0147583493962884
620,0.734454274177551,0.0612106770277023,0.266284376382828
622,0.0332897119224072,0.435925155878067,0.537659645080566
623,0.00241121742874384,0.842958629131317,0.120123706758022
624,0.00936207082122564,0.691403687000275,0.227015554904938
626,0.0447430722415447,0.379511475563049,0.642908155918121
628,0.000298464234219864,0.957359373569489,0.0694887861609459
629,0.666545510292053,0.0768886283040047,0.252546221017838
633,0.90248566865921,0.0446286723017693,0.0598682165145874
634,0.00025220139650628,0.960019409656525,0.0715610012412071
635,0.996389746665955,0.00440930295735598,0.0130781745538116
636,0.377165883779526,0.112915709614754,0.441970199346542
638,0.933962166309357,0.0296166110783815,0.0864040330052376
639,0.00573719991371036,0.734430372714996,0.228354424238205
640,0.447796642780304,0.0955756232142448,0.429391592741013
642,0.23551444709301,0.122748583555222,0.77880072593689
643,0.000762559822760522,0.916666924953461,0.106282994151115
644,0.00782848242670298,0.710538148880005,0.242727786302567
645,0.946362495422363,0.0215058084577322,0.0832988396286964
646,0.916306793689728,0.0392100401222706,0.0637932941317558
648,0.524148523807526,0.0764102786779404,0.439325153827667
649,0.336867064237595,0.116390846669674,0.517152070999146
650,0.968282043933868,0.0243759956210852,0.031151931732893
652,0.981411039829254,0.0106855081394315,0.047214437276125
655,0.984258949756622,0.0149159040302038,0.0270214825868607
656,0.470553666353226,0.102372124791145,0.454355150461197
657,0.432804018259048,0.0920801013708115,0.5570068359375
658,0.0024139704182744,0.82634425163269,0.247727155685425
659,0.013032229617238,0.611991882324219,0.270687848329544
660,0.992327034473419,0.00867506768554449,0.0192749686539173
665,0.63039755821228,0.0573858357965946,0.424057811498642
666,0.70845365524292,0.0759624764323235,0.102199301123619
668,0.00203041196800768,0.843222260475159,0.22079998254776
670,0.000245778530370444,0.962389469146729,0.0502061285078526
671,0.112586423754692,0.263909518718719,0.549103856086731
672,0.727444887161255,0.0600290335714817,0.183986321091652
673,0.00345451664179564,0.786762356758118,0.253220587968826
675,0.750503659248352,0.0558344610035419,0.171347126364708
681,0.000153066517668776,0.972842156887054,0.0418523252010345
683,0.600525796413422,0.0890998393297195,0.139915376901627
687,0.000121926692372654,0.975910246372223,0.0492938160896301
689,0.981396436691284,0.0123850321397185,0.0374149046838284
691,0.00124682975001633,0.89337956905365,0.0937028676271439
692,0.000110945620690472,0.977819204330444,0.0479417964816093
694,0.978471994400024,0.0142795173451304,0.0363316647708416
697,0.0582798346877098,0.354841619729996,0.403093278408051
702,0.969294905662537,0.0243939254432917,0.0279604252427816
703,0.566332578659058,0.0912995263934135,0.314493834972382
704,0.162900522351265,0.214836776256561,0.384532690048218
706,0.000518536195158958,0.937965035438538,0.0984510183334351
707,0.959887564182281,0.0134754115715623,0.106370121240616
710,0.00151214760262519,0.882517337799072,0.132307127118111
711,0.986291408538818,0.013420688919723,0.0254272725433111
712,0.0364569127559662,0.402000427246094,0.581011176109314
713,0.00175989582203329,0.861408352851868,0.161829918622971
717,0.0169639866799116,0.549884080886841,0.425707787275314
718,0.974546134471893,0.0145026668906212,0.0453884340822697
720,0.937994778156281,0.0318673737347126,0.0611894726753235
723,0.00478665716946125,0.795860707759857,0.11484357714653
724,0.000953211507294327,0.907794892787933,0.136632397770882
725,0.0148284509778023,0.586123049259186,0.460090756416321
726,0.989775240421295,0.0109729254618287,0.0219909884035587
730,0.993880331516266,0.00676500424742699,0.0162059888243675
735,0.0389662124216557,0.478093177080154,0.254933148622513
738,0.0962002575397491,0.327738553285599,0.313380390405655
740,0.000691564287990332,0.929025709629059,0.0848755612969398
742,0.992512285709381,0.00753468973562121,0.0183566343039274
744,0.141010403633118,0.223733723163605,0.440951585769653
748,0.0592907704412937,0.392567247152328,0.228769347071648
749,0.0104569168761373,0.642460107803345,0.406976640224457
752,0.00476574571803212,0.742242038249969,0.297690242528915
755,0.252632349729538,0.126198351383209,0.677544832229614
757,0.00980391819030046,0.656448900699615,0.265635222196579
758,0.100951932370663,0.285735905170441,0.509623527526855
759,0.995259761810303,0.00630396138876677,0.0139086879789829
760,0.0453821942210197,0.37781423330307,0.501383483409882
762,0.975902020931244,0.0241071395576,0.0150496317073703
763,0.000767242338042706,0.918093264102936,0.101370096206665
764,0.0433060601353645,0.42712739109993,0.291870385408401
765,0.99600625038147,0.00430412217974663,0.0156644713133574
767,0.756943941116333,0.0399298295378685,0.351272851228714
768,0.982697129249573,0.0126354033127427,0.0365599691867828
769,0.0259025599807501,0.48719111084938,0.392531156539917
770,0.559992790222168,0.0689665228128433,0.501097798347473
771,0.0351578332483768,0.420932322740555,0.505829095840454
773,0.0400473959743977,0.39559069275856,0.538966834545135
774,0.00247148261405528,0.83085423707962,0.243794679641724
776,7.93887593317777e-05,0.982312440872192,0.0389024429023266
778,0.00129265990108252,0.886387467384338,0.127848967909813
780,0.0076688751578331,0.683830916881561,0.31019714474678
781,0.0274426285177469,0.474121004343033,0.415041506290436
782,0.0361538305878639,0.424589872360229,0.596876084804535
783,0.737397611141205,0.0481806620955467,0.305852711200714
784,0.0183545276522636,0.523696064949036,0.521587133407593
787,0.669102847576141,0.0820847824215889,0.19359202682972
788,0.00136960262898356,0.888465523719788,0.129949510097504
789,0.0136192012578249,0.581811904907227,0.432884901762009
790,0.972204566001892,0.015072600916028,0.0511585772037506
791,0.983319342136383,0.0145989917218685,0.0311266556382179
794,0.00220336276106536,0.862067937850952,0.105060786008835
795,0.000424719153670594,0.947981655597687,0.069044329226017
796,0.232103645801544,0.176113188266754,0.515754699707031
798,0.0232062395662069,0.543341994285583,0.222615614533424
799,0.900827467441559,0.0294911433011293,0.167132884263992
800,0.00468074250966311,0.771737933158875,0.168705016374588
803,0.0104175619781017,0.677187263965607,0.231229826807976
805,0.979203701019287,0.0125668179243803,0.0435355231165886
806,0.000249483360676095,0.960282504558563,0.0697495564818382
807,0.00161599589046091,0.875576853752136,0.109399653971195
808,0.0984790176153183,0.27349978685379,0.457616001367569
810,0.0014012505998835,0.878474175930023,0.146636620163918
811,0.776042401790619,0.0467491336166859,0.2789286673069
815,0.963660180568695,0.0184777956455946,0.0551767870783806
816,0.21367421746254,0.181343466043472,0.394587427377701
818,0.990976393222809,0.00706725753843784,0.029598917812109
821,0.99687385559082,0.00379469362087548,0.0123709607869387
822,0.0996873453259468,0.270708709955215,0.60974133014679
823,0.00600119773298502,0.721421957015991,0.273653090000153
824,0.0136270774528384,0.602989137172699,0.301052004098892
825,0.99015736579895,0.00809194706380367,0.0272307526320219
826,0.0763506293296814,0.317833185195923,0.412880539894104
828,0.651700377464294,0.0884804502129555,0.182312160730362
830,0.0308341160416603,0.429530799388885,0.532284438610077
832,0.931429088115692,0.0184030644595623,0.158403426408768
833,0.996791422367096,0.0037989430129528,0.0129363918676972
834,0.990596652030945,0.0107236336916685,0.0193468313664198
835,0.00259145372547209,0.843543648719788,0.136183694005013
838,0.982777774333954,0.0120415883138776,0.0358038395643234
842,0.00485664326697588,0.748343706130981,0.272607773542404
844,0.000116840768896509,0.977034747600555,0.0475898794829845
848,0.986261308193207,0.010772192850709,0.029097493737936
850,0.000190704231499694,0.966990649700165,0.0622021555900574
852,0.9920414686203,0.00824555195868015,0.0178578272461891
853,0.0452855080366135,0.369743973016739,0.645364701747894
854,0.00165496754925698,0.869450092315674,0.182793438434601
856,0.0485573820769787,0.398149371147156,0.346410900354385
857,0.950852990150452,0.0200508143752813,0.0802004486322403
859,0.173529759049416,0.179402962327003,0.592735528945923
860,0.945389568805695,0.0287884343415499,0.0627981647849083
862,0.920342624187469,0.0372487977147102,0.0346175171434879
863,0.0466422997415066,0.361964076757431,0.652966856956482
865,0.000710298656485975,0.924468815326691,0.0773738846182823
866,0.501101851463318,0.0654020458459854,0.604001581668854
868,0.000825101800728589,0.914961934089661,0.136432290077209
869,0.826800227165222,0.0435997731983662,0.152007058262825
870,0.00914019625633955,0.67613410949707,0.205229833722115
871,0.261888116598129,0.141269937157631,0.543251991271973
872,0.058238010853529,0.356468498706818,0.397363364696503
875,0.00100840989034623,0.903595983982086,0.149154752492905
876,0.94229918718338,0.0298204403370619,0.0664159581065178
879,0.835383236408234,0.0415217243134975,0.138676539063454
880,0.00167692720424384,0.860542476177216,0.203398019075394
881,0.000305173423839733,0.954224407672882,0.0805657580494881
882,0.00593219650909305,0.715208947658539,0.341056793928146
883,0.0463606081902981,0.386593967676163,0.578603684902191
884,0.0622016675770283,0.319598764181137,0.579677104949951
885,0.987649023532867,0.0138190565630794,0.0194490719586611
887,0.00102264538872987,0.899634599685669,0.158865764737129
888,0.00132632220629603,0.884442806243896,0.1825220733881
891,0.000619322585407645,0.926738917827606,0.116109549999237
892,0.000203573858016171,0.968147814273834,0.0478942431509495
893,0.1162029504776,0.214386358857155,0.749876499176025
894,0.992282152175903,0.00735909305512905,0.0213638227432966
895,0.000283458473859355,0.958094298839569,0.0757873058319092
898,0.995658159255981,0.00507642794400454,0.0144683588296175
899,0.970337808132172,0.0221076551824808,0.0348918661475182
