"PrGoblin_nn","PrGhost_nn","PrGhoul_nn","id"
1.10887663941127,-0.105773527473135,-0.00317791867133463,0
0.68311165103936,0.319615363155914,-0.00253390901907907,1
0.000287228782300683,0.999853969278356,-0.000173482526964148,2
-0.0182409546621835,1.01841441574245,-0.000173375229245719,4
0.000461507369671876,0.00121696689384865,0.998385226617958,5
1.00895882509226,-0.00560666305897906,-0.00325227428493389,7
-0.0957374628078493,1.09611233071642,-0.00023926959641311,8
0.0558387895670397,0.945270562086389,-0.000873849697802965,11
-0.0151005138682674,-0.00475728331906678,1.01991005541856,12
-0.000741775278654488,0.000200383448556003,1.00060322489591,19
1.02634664603053,-0.0285932745493618,0.00230624914400546,22
0.000616833243343302,0.999521073135377,-0.000170771562853965,23
-0.0115598630028407,1.01175002329068,-0.000197210330100471,25
1.00942144682724,-0.00648544130297248,-0.0029720875333204,27
0.992429443982528,0.0109117292159591,-0.00322123109192295,28
-0.16218950428326,1.1627404040463,-0.000299089074588924,29
0.00213475047074385,-0.00224781704964462,1.00017063048985,30
-0.0152553526530825,1.0154217959502,-0.000171576807299444,31
0.000962492604413721,1.0012285168123,-0.00154629590588302,32
-0.0444385690373446,0.0301150563389586,1.01443685303602,34
1.14343968111294,-0.141243121765573,-0.00233327486743855,35
0.00160072409057296,0.999665109808077,-0.000928417441818358,36
1.25601488834334,-0.270217792941945,0.0138398212829052,37
0.0010629125376067,0.999679496318626,-0.000578025007376593,39
0.00249802613065875,0.997626349346332,-0.000160268447012873,45
0.030926407521366,0.00035504289474491,0.968782182609972,47
0.993555909125696,0.00967283201208377,-0.00315569894837414,54
1.00474013963889,-0.00443306181687913,-0.00020521434663037,56
0.953530325928442,0.0315540419325846,0.0150793844898285,58
0.982498487679209,0.0209164416882519,-0.00326971227885652,62
1.02526561279573,-0.0420726982310423,0.0168368373295927,69
-0.0110609751854338,0.0105826824602124,1.00055823515751,70
0.0253721671003394,0.974700188262678,-0.000148510450122541,71
0.454192343654759,-0.0565673366572837,0.602356971299527,72
0.0381906483359006,0.961937275234209,-0.000201502150534098,73
0.00197993069768998,-0.00602226546338238,1.00409314740894,75
-0.106890291105067,1.10725265971886,-0.000207342086639275,79
-0.00665710638100161,1.00680059995687,-0.000163662595049699,80
-0.00333914713220712,1.00345504779679,-0.000141776515827878,82
0.974811374411629,0.028622023408114,-0.00327379575548489,84
-0.00654273119543784,1.0067186597218,-0.000192326624296178,85
0.000313062389221352,-0.0037335257917834,1.00347529736059,86
-0.00053028889885276,-8.65862000752685e-05,0.999695605762733,88
1.00103780061591,0.00230515660800909,-0.00323729790093215,89
0.00373018418005243,0.996959545729967,-0.000545266960779137,90
0.992501058810395,-0.00800176064315074,0.0155955939600059,91
-0.000286738808034061,1.00043090427846,-0.00017540862392264,93
-0.00208155227493556,-0.000388697208972964,1.00253096246437,94
1.01113380247329,-0.0159933308165187,0.00494099652880101,95
1.01919911494442,-0.0158725651854223,-0.00324453317606474,96
-0.0304778440008131,1.03069817870965,-0.000198818212670259,103
0.0965344861670107,0.90336483682393,-9.98927442560291e-05,107
0.00169306748193887,-0.00681471966667511,1.00517103091912,109
0.987674773097805,0.00612301284276625,0.00632139797505807,111
-0.00667856132092881,0.00507538149270996,1.00167346215234,113
1.00191278462174,0.00112981647350572,-0.00303891944011764,115
-0.00895506629151899,-0.00265082451432964,1.0116622194226,118
0.996003051106184,-0.00439023911221104,0.0084887016169006,119
-0.000469501949328155,0.00109438988463099,0.999438560235891,125
-0.00121452201507955,1.00137584439899,-0.000187473298681732,128
0.993782352234907,-0.000215218784438633,0.00652769446208933,129
1.00602364473859,-0.00756010053598711,0.00163278613288228,130
-0.00839190511689872,1.00853991809019,-0.000165148439661304,131
1.00198679371905,0.0012756077451738,-0.0031508479516082,133
-0.015106915678756,1.01527865694028,-0.000177124146345401,141
0.984879777400126,0.0100487228747315,0.00519832489220797,142
0.0563076681512116,-0.00759509156442483,0.951338029852094,143
-0.00868780523916939,1.00883765168219,-0.000166462539415007,155
0.00160821807908107,-0.0067935370613121,1.00523473159685,157
0.000157109405544406,1.00012766358006,-0.000265117964754441,159
0.292595799967877,0.706822685696298,3.81714439782318e-05,161
0.00146529112012272,-0.00230689427395258,1.00089904918438,162
-0.00447645989603207,0.0151118129644376,0.989453022400338,163
-0.0321034639629418,1.03233269548932,-0.000204368245894141,165
1.00179021576872,-0.00427631485266116,0.00252801877358185,168
1.00271528095657,0.000620494014600984,-0.00322507556406078,170
0.0356203012117785,0.96484971411884,-0.000427813516466903,172
0.00127364279271247,0.00272683120691936,0.996065983500331,174
0.00127545139225412,0.998846638461665,-0.000156131518472256,175
-0.0051668531848362,1.00537883462199,-0.000217690150059184,176
0.000768257499858427,0.00140157361232563,0.99789421531466,177
-0.00763130868091388,-0.00230371308435801,1.0099920360739,180
-0.00715315771590919,-0.00424622140783771,1.01145293535312,185
0.783762446976788,0.218838298486527,-0.00254192822244654,186
-0.00294547062289086,-0.00170456776239945,1.00470835171892,189
1.00607801335196,-0.00274145784714537,-0.0032319955712427,192
0.248979342455652,0.750559075741238,-1.8737915692984e-06,193
0.998274148636549,0.00508356686096812,-0.00324486239977912,194
0.864088244563643,0.139532070041015,-0.00329790655682334,195
0.0330579297910903,0.96697118701616,-0.000118753050841154,197
0.000758654118152569,0.000708454314107383,0.99859570727616,199
-0.000160093542298265,1.00135437336629,-0.000877720297846133,204
0.798509591339739,0.204996306884722,-0.00316103637981533,205
0.00784931856009036,0.992283925805278,-0.000176965620054805,206
-0.120716810300735,1.12133377705176,-0.00031698720713177,208
0.998282197949645,0.00483156013891165,-0.00308307558386232,215
0.00165235849885215,-0.00681179186344965,1.00520881538822,216
0.0990980060450356,0.0671979329983229,0.833890582486,218
0.999270613889388,0.00383681424478565,-0.00299108901428714,219
0.00363595060688215,-0.00545194289310557,1.00186790660928,222
0.00317734047180118,-0.000527709625204903,0.997411085885136,224
1.0231383574356,-0.0231201047180741,5.10211113348776e-05,226
0.0742788594636739,0.00521887103770777,0.920576703335242,227
1.02851221334894,-0.0269506664458297,-0.00149888247642494,229
1.0014828404301,0.00148049705738005,-0.00298532602514627,230
0.116859715922963,-0.0042899816167887,0.887489706724429,233
0.257386463733171,0.74210733446053,2.43858139796111e-05,237
1.01144940889196,-0.00811288738723529,-0.00324422734721931,247
0.895470863790824,0.10801731423178,-0.0032376104389871,258
0.00333990901495086,0.996814055889502,-0.000186747790532685,261
0.00475484323385911,0.00184561687749056,0.99346458560776,262
1.18439223664952,-0.183692865272898,-0.000910124873515203,263
0.00737312740818816,0.992746719036678,-0.000164524540595352,264
-0.000924817469678096,0.000377905234062885,1.00060905462728,265
0.449958014487862,0.5490540125967,0.000169457419418828,266
0.00504922377857486,-0.0170091616793654,1.0119912050827,268
-0.015587453906599,0.00666754558046064,1.00899261699503,272
1.01692551391061,-0.0136025020031671,-0.0032401275703682,282
0.0134749148463853,-0.0120814871832134,0.998647079282051,283
-0.0246261341446263,1.02483235393782,-0.000194930340446902,285
1.00983830114998,-0.00713001080960046,-0.00261100614158829,286
0.99287025071875,0.01052123377264,-0.0032638390651745,287
0.00148110149214165,-0.0011258614160584,0.998244687123026,291
0.999939911269632,0.00167120149917948,-0.00208023287169368,293
0.882562182027942,0.121091950066065,-0.00333329511966144,294
-0.115744080081792,1.11612964631255,-0.00021505170485574,296
0.00420731736041446,0.0118687120430081,0.984006951836998,299
0.00843035575979023,0.0118864066665016,0.979766453619237,300
0.854922247100286,0.148284589772227,-0.00300980150845301,301
-0.103883676265442,1.10428735047076,-0.00025326332355465,302
0.00224741615961007,0.997894741166859,-0.000177858435817777,305
0.00039966887249335,0.999727147214636,-0.000159322418426879,306
-0.00109347275566009,1.00186933386185,-0.0004753475371055,307
0.410882712525304,0.588526832361485,-6.46625034391699e-05,313
1.09033109625858,-0.0871816956202222,-0.00319177335169055,315
-0.00633221203937774,1.0064820717232,-0.000170583381124499,321
1.02124403656362,-0.0179423271250717,-0.00323001371734442,323
1.00246046384045,-0.0318727592664729,0.0294648910087761,324
0.991611600583751,0.011672375082409,-0.00319015586485044,325
1.0100049760998,-0.008973346593095,-0.000951213891435987,327
0.992214217901365,0.0111787791720475,-0.00326424668892937,329
1.00562127251666,-0.00397341714516646,-0.0015451803208976,333
-0.00128110533517045,0.00206415600494003,0.999282096424803,336
0.0181069829046622,0.981993735360333,-0.000164152296756959,338
0.0177700225105043,0.982498071448071,-0.000276365150357849,339
0.0495200219643874,-5.90099830649199e-05,0.950602773094499,340
0.024853228351873,0.00311930465871885,0.972095761674113,342
1.11025646735192,-0.110863572504552,0.00052330419601924,343
0.998924130542945,-0.00145048278864459,0.0025978059793928,346
0.997585428003044,-0.00393026218516758,0.00644624946238885,351
-0.00338079934271684,-0.00273204042851582,1.00616929088767,355
-0.0718115256265837,1.07210722775015,-0.00020184766321141,358
0.00441905678120347,-0.000125614093452235,0.995768054329947,359
-0.00738523418568906,1.00753441037501,-0.000168064990492764,362
-0.00198657644375921,-0.00284200161152109,1.00488489916375,366
0.00935025183989941,0.990761450177747,-0.000159844936433393,367
0.0636553171714931,-0.00856254996506451,0.944956458829774,368
0.985453979715871,0.0122427919768776,0.000550480195394811,369
0.00361964984436591,0.00642792150312627,0.9900256314976,375
0.225334868792214,-0.00484924020219674,0.779578026349323,385
-0.000903071776940712,0.000470042750740383,1.00049533757863,387
1.036449638973,-0.0331664893334278,-0.00323160278051807,389
0.713641438388566,0.288584711118448,-0.00222621895875966,390
0.0520180731999232,0.947989348954994,-0.000130156526513584,393
-0.00274054294640956,1.00293862855336,-0.000210644921020565,394
0.00302559627134781,0.997119440600612,-0.000180413125987682,397
0.000719017050641505,1.00037801444773,-0.000814314332095856,399
0.995945807190164,-0.0063914277917976,0.010543551412826,401
0.0160322097786099,0.00141921296423714,0.982613401113518,404
-0.0144406267038597,0.0272628165566953,0.987287479083863,409
1.00713729550462,-0.00388770012830219,-0.00318216900214191,410
-3.87792002167764e-05,-8.98323584675592e-06,1.0001092537837,412
1.00188605081759,-0.00138821683591831,-0.000392200796117887,416
-0.00086663176066315,0.000387579131041919,1.00054121515541,419
0.908097158288311,0.0954931552200285,-0.0033168053686028,421
0.000951962369701853,-0.000596396667169555,0.999704920944415,422
-0.0121902043861139,1.01238036990869,-0.000196631418804059,427
0.00280781986733047,-0.00105743258244446,0.998309362402576,428
0.497106837562682,0.504733964715761,-0.00176533941541533,429
0.0156232375207107,0.984472708782957,-0.000155057256386642,434
-0.0197021539441242,0.00688402598815843,1.01289102671255,435
-0.000890688206696799,-0.000314872913560901,1.00126646366372,447
0.000108436962670276,1.00003898660256,-0.000179385068709177,448
0.966119367501048,0.0336870883855899,0.000361633369326135,450
1.02377729079507,-0.0205611558080678,-0.00316390205167063,454
0.996951319174435,-0.00405001746886178,0.00710811613679531,458
-0.0171043910484374,0.000409831940375964,1.01675598070689,462
-0.00232626918495171,-0.000596811898206304,1.00298340934454,464
-0.000179683583407586,0.00336978052727736,0.996877442855964,465
0.0144871196904024,0.985608564585333,-0.000152813130920969,466
0.00252703900657023,0.997904625704288,-0.000367789949192717,467
0.99833495128303,0.00499451141461967,-0.00322494358744761,470
-0.0878276195613894,1.08817514814976,-0.000225774101616393,472
0.994940339420809,-0.00371140291833972,0.00887376008789023,476
1.00505430083175,-0.00376083565832585,-0.00120789056889183,481
-0.00133401933671972,1.00146166593244,-0.000156582746760353,482
0.928263260087892,0.0458532246472572,0.0260463644370428,487
0.991905622451757,0.000549929403910022,0.0076245096524157,492
-0.00950026546630145,0.0208047301260493,0.988793871018828,494
-0.00841571546627584,-0.00799937578256686,1.01646185959635,495
0.0401278830436152,0.959878125547921,-0.000108016021932341,497
0.729661703045713,0.273776184787742,-0.00305204716169618,501
0.00210501840811567,0.998184410294136,-0.000276177193024018,502
1.00164617148153,0.00116566272999099,-0.00288397371204254,506
0.0095720996909916,-0.00544210577045237,0.995922223473793,507
-0.00184788396816526,0.00116397746618251,1.00074741318632,509
0.032339868480463,0.967732487812798,-0.000158516310316807,510
-0.00731965681007181,1.00746513849525,-0.000164491643470114,511
0.0384524383361903,0.961599472005901,-0.000150905331763322,514
1.01299302650126,-0.00965126444325202,-0.00324891052182629,515
0.0115390963282803,0.988740179889294,-0.000265776065559414,518
-0.00666019188827658,1.00683740834841,-0.000193077116437006,520
1.01489746627393,-0.0117319121777833,-0.00307644775032891,523
-0.00796909339763996,0.0129373764262302,0.995116027559755,528
0.224311288369758,0.775267292128447,-2.56329052203099e-06,534
0.00522298082947,0.994915275720024,-0.000175518374292409,536
0.0196738051724947,0.980432805191358,-0.00017014987488503,540
-0.000977127023370494,0.000327449840841043,1.0007117266407,542
0.994274821320123,0.00908364162609237,-0.00324154502535062,545
-0.00308583167438371,1.0032515006261,-0.000188657269800236,547
-0.00083688005834226,0.000152860265719007,1.00074576312141,549
-0.0643569010097743,1.06485698876012,-0.0003511824601131,552
1.01122400861454,-0.00787794587015017,-0.00325015570952327,553
0.951375978736366,0.0521131538350429,-0.0032908493911634,556
1.00652647901951,-0.00319682496341933,-0.0032255070349277,557
0.00590310218877054,0.994210486522082,-0.000155715744668096,558
-0.00272504874322817,0.996874943563802,0.00589648886862567,559
1.00175907466572,0.00143334484369404,-0.00313898624515192,561
-0.0137624545057389,-0.00115471805271547,1.01497595110108,564
0.208011461636733,0.791613410854725,-1.99593503874479e-05,565
0.12143172334606,0.810666353489901,0.0675391119859295,570
1.00533881545705,-0.00205539088224024,-0.0031772677853216,574
-0.0183667891790926,1.01857061735226,-0.000200064525819496,575
0.000812470684159656,0.999912164814547,-0.000563841228264996,579
0.950568496140815,0.0528775194173976,-0.00326128563478889,580
1.00113986105573,0.00195681183893837,-0.00298366494058572,581
1.00047661345814,0.00184615630800009,-0.00255623552010117,582
-0.000985215658648056,1.00111498230772,-0.000159852503022316,583
0.0258337459211607,0.974237514979038,-0.000148222925877209,584
1.00501173746625,-0.0104389954793855,0.00551836673212622,585
0.119960029909988,0.879888927164512,-9.04482394881988e-05,586
0.910221762387057,-0.212310182330691,0.301813227715416,589
3.8030590497895e-05,-0.00183470133503456,1.00185489433464,590
-0.0045289150278951,-0.0022994944496311,1.00688558053098,593
-0.00431483695059032,-0.0027185136475435,1.00708978104166,594
-0.00191082724959823,-0.00223629126092004,1.00420452872119,598
-0.010888145149837,0.0266243463055916,0.984372494011286,600
-0.0125067349017387,-0.00480330803902894,1.01736234341704,601
1.01450141590718,-0.011163279791897,-0.00324789223504258,604
-0.00363205374805583,0.987897867906222,0.0156802869830215,607
0.135207192670994,0.864577173559095,-5.25858316187319e-05,608
0.00344792021076312,0.000426642190998673,0.996187877601901,609
-0.00702956264581015,1.00743597937669,-0.000342603389013289,610
1.00152717623416,0.00148029035281447,-0.00301486487746549,614
-0.000609793192093644,0.00155371033432598,0.999120347498983,616
0.00994661673584396,0.00162651620390034,0.988491769775486,617
0.0021478246990401,0.997977683404515,-0.000161064661257935,621
-0.000604410956562162,0.000167273178002303,1.00049891811605,625
0.00488617757421203,0.99526380058561,-0.000185521309575103,627
0.97282768859281,0.0262826030565394,0.00104505906819216,630
-0.0174822903282126,0.0308850220352568,0.98671328415206,631
-0.00302815572752557,0.00148037792471733,1.00161179473105,632
1.01447610014258,-0.0111378974303367,-0.00324791464719394,637
1.10639844755577,-0.108289816563054,0.00181007763305711,641
1.02486775369187,-0.0216581305133029,-0.00317180504658356,647
-0.00919625476804129,1.00931024998851,-0.000127964470044696,651
0.00251091302801232,-0.00214184142302275,0.99968872048821,653
0.00457458348009609,-0.013522690835758,1.00898559359866,654
1.22786287828725,-0.225329124617757,-0.00281703966056717,661
0.175158406237364,0.825810920804366,-0.000890324266083204,662
0.993078726396729,0.010304838717623,-0.00325863863962202,663
-0.000734096212131163,0.000229429307663995,1.00056655239115,664
0.00213393859370137,-0.00655557078187075,1.00447149653011,667
-0.00578422747649959,1.00594600372294,-0.00018342300931023,669
0.00650115272519722,0.993617905353788,-0.000162219086613126,674
0.988430644709197,-0.00621894156331299,0.0178861795280844,676
0.997366301817641,-0.00401513438540596,0.00675110122211247,677
-0.00487809779107318,0.00226047598279214,1.00268294775244,678
-0.200336606408616,1.20098778652935,-0.000331231414559139,679
-0.0104634913302399,1.01065815049751,-0.000201230051427566,680
0.995066204290544,-0.00162212785247439,0.00666236749281149,682
0.019580626177273,0.980470833863861,-0.000117552329696603,684
0.803498390187651,0.2001249587514,-0.00324414896946209,685
0.211636557759339,-0.00680019973044999,0.795223142000904,686
0.00493850152455016,0.995185461269434,-0.000164389803329434,688
-0.0177543081690572,0.00348751735894931,1.01433369651566,690
1.00113923367836,0.0016958015652649,-0.00289913611538478,693
0.000702584770702764,0.999586335963612,-0.000264130089946521,695
0.988468736648981,0.014883764613948,-0.00323182502867795,696
0.00736774106467752,0.992803588500447,-0.000202082790398121,698
-0.00129979118273016,1.00501091918823e-05,1.00135120622017,699
1.01383712800094,-0.010497395176107,-0.00324833930538338,700
0.763233392894834,0.240729900271536,-0.00343417923798783,701
0.00414554049646831,0.0040759475470045,0.991847525233641,705
-0.000122577711567852,1.00027348367274,-0.000179492709570332,708
0.0603028739750791,0.942043408628612,-0.00170483640980562,709
1.00254892771464,0.00070838696082467,-0.00318309630526705,714
1.20426372074763,-0.204617281145605,0.00010627580337649,715
0.208483323967726,0.791219846451496,-7.29217321206159e-05,716
0.657079825657014,-0.0108931465025557,0.353886905370456,719
-0.00431510973177729,-0.00380336241859799,1.00817295848203,721
0.990856032669151,0.00682253548537242,0.000557380349898847,722
-0.00793542459044283,-0.00421834451755991,1.01220733768306,727
3.90565697061687e-05,1.00048011074671,-0.000427840169422418,728
-0.00939226983207683,1.00954303001948,-0.000166146122394205,729
0.130067105787909,0.869728577997364,-5.49189591096124e-05,731
0.158082916658786,0.841666945145241,-5.80376990024973e-05,732
-0.0422701054357672,1.04244898573446,-0.000136878741455176,733
0.493470738678317,0.505401233353561,0.000233413026132181,734
1.01248196161052,-0.00924565098000757,-0.00317821880790247,736
0.00837874552437197,0.99175025272071,-0.000174718608962256,737
0.999323434291978,0.00398522494898152,-0.00321309290931164,739
0.062307404136545,0.937673206202609,-0.000121338964349143,741
0.996288624976389,0.00708786613552397,-0.0032567922053953,743
0.999058274952502,0.00184835086148617,-0.000793831061162095,745
1.00132492161665,0.00131772231329523,-0.00277103332376454,746
1.04914493659027,-0.0460061871745104,-0.00314682382452873,747
1.01262672742367,-0.00939453287673305,-0.00317560103012892,750
0.960434704618215,0.0429548541787393,-0.00323264738932279,751
-0.00781259788773083,1.00783986631994,-4.56294689790462e-05,753
1.00713356718922,-0.00388285555871231,-0.00318291175652492,754
-0.000617080875747744,0.000229850452784612,1.00044912229111,756
-0.015482360254542,-0.00482399413156777,1.02035847470675,761
1.00750613586222,-0.00451252379052648,-0.00290579034879502,766
0.0205141996034944,0.979577200886765,-0.000159013437289704,772
0.00101029644537263,1.00022576725782,-0.000907856387202841,775
0.94344362445222,0.0598806237270806,-0.00317331259489289,777
-0.0190897288435589,1.01927545407193,-0.000184133317493208,779
6.97707436352335e-05,9.36789331471774e-05,0.999898231107964,785
0.00349111277395467,0.996647046520881,-0.000176036665336261,786
0.00899677749226676,0.991103668724275,-0.000147992065401495,792
0.00742629103315662,-0.0175986037635564,1.01020262000957,793
0.998882569672413,0.00312346295773018,-0.00234065579904414,797
1.03827338708856,-0.0361668782346085,-0.00205988794590187,801
0.951990607593807,0.0515017670529522,-0.00329305118285969,802
0.392909611395989,-0.0116536009423244,0.618803508658253,804
0.000840186563986434,-0.00156055003589758,1.00077910719122,809
0.0125797071871631,0.987517081607476,-0.00014982464298236,812
0.000191197706505433,1.00035615714479,-0.000446439992549555,813
-0.00263453692755129,1.00278675960393,-0.000179236999167597,814
0.984429786865874,0.0189808145354745,-0.00326884336807778,817
0.999412078209077,0.0033924632022529,-0.00287732767133782,819
0.778206176008932,0.220008291693721,0.000395012737877407,820
1.00096797875086,0.000250272405088843,-0.00181855933857665,827
-0.00241836827445763,-0.00068221993923679,1.00316075899098,829
-0.00822092748562751,1.00837024501992,-0.00016674876696885,831
0.965390526359086,0.0379725667462433,-0.00321952748321548,836
0.829216128532288,0.0339473672974101,0.136998721209421,837
-0.0255424832608086,1.02573351852282,-0.000178082914332521,839
1.189768011672,-0.187616371776297,-0.00237292265804418,840
0.412694772509766,-0.0240137224763802,0.611357270540556,841
1.00603617599189,-0.00292526728526925,-0.00308824017013525,843
-0.0488820269640863,1.04915885110384,-0.000220629418122745,845
0.0231331325045415,0.976937798030134,-0.000141660253668151,846
0.571377711410349,0.431102402116884,-0.00208046555858931,847
1.00550309486715,-0.00283456396296238,-0.00279222949379747,849
0.87663543193549,0.127031256675627,-0.00334058766265387,851
-0.104397020424691,1.1047673324223,-0.000219618442551528,855
0.0135781523619134,0.0036722062172736,0.982818384733919,858
0.595337291789361,0.408533943315415,-0.00321782533701632,861
0.00654861865403883,0.9944723854001,-0.000769316846513178,864
0.101641323962479,0.898592604850237,-0.000330899846019716,867
-0.00364966563555469,0.000165096914761173,1.00354619871852,873
0.0235137749743284,0.0153985230083687,0.961177937072609,874
0.970322801288081,0.0326158006176777,-0.00281064371315681,877
-0.00158605685352528,1.00185230422724,-0.000257264337170046,878
1.00003333061345,0.00317929134626185,-0.00315089931367141,886
-0.000324099780325104,0.0336579536997185,0.966787956156463,889
1.11526809311512,-0.18237660330754,0.0668968194216305,890
-0.00554692303513882,-0.00405670648727727,1.00965760261293,896
-0.0240576881687969,1.02424561915211,-0.00017767502269221,897
0.0981881549811895,0.901713609102332,-0.0001052134025487,3
-0.135028377059114,1.13549234953094,-0.000259692690676972,6
-0.039699266968382,1.03994630330377,-0.000209200807894134,9
0.574252227026382,-0.56452223512615,0.98924240775688,10
-0.00488444921133491,-0.00303756367327344,1.0079778441845,13
-0.000110139395066433,0.00114449942237408,0.99902919531884,14
-0.0858387583471144,1.08618396372275,-0.000226923556229495,15
0.99957780199318,0.00369075484298654,-0.00318787052925375,16
0.999192047239117,0.00407793551424818,-0.00318846785791911,17
0.164004851371448,0.836255971847893,-0.000405998215474843,18
0.000628401153427438,0.000594086796560561,0.99884011654106,20
1.12106973819934,-0.118009229168487,-0.00315965550897127,21
-0.00525253818378624,0.0449202420849855,0.960474045410349,24
0.0101545812134363,-0.00257743525829191,0.992480233084853,26
0.0299197695575525,0.97011088216788,-0.000114812406195072,33
0.0180254341155799,0.00559329409027032,0.976453671638485,38
0.0186019755960194,0.981673866611224,-0.000280793863607544,40
-0.0161189747491188,-0.00449663819724061,1.02066828929322,41
0.0107872970793452,0.00793167989712526,0.981357265318921,42
1.16077767818502,-0.157835319170277,-0.00311810203857474,43
0.757225427280456,0.245772589850633,-0.00278344192406211,44
-0.0391258847547676,1.03937031900756,-0.000207763213956545,46
0.999348004536473,0.00392119950395037,-0.00318809117826136,48
0.427444940041848,-0.0166820428664499,0.589289271266895,49
1.13814981949478,-0.135184236103501,-0.00309160526917552,50
0.997763001560248,0.00551065248715942,-0.00318960371270947,51
0.0319593617942576,0.968108818561766,-0.000155815719971995,52
-0.0710163353502277,1.07137917654202,-0.000257794618241847,53
0.688830560142999,0.30962846827638,0.000313888231591104,55
0.951408809153973,0.0517638729836095,-0.00303179534645046,57
0.466479202702674,0.532506994108075,0.000167307664094982,59
-0.038684434749378,1.03891433888049,-0.000194064420506509,60
0.00357833464711643,0.996539673286924,-0.000156073507765416,61
-0.0359423263337071,1.03628564697453,-0.000277103275427665,63
1.02634490606792,-0.0230365837055888,-0.00323878128820273,64
-0.048803684183157,1.04906968063503,-0.000212439548657403,65
0.995890400260539,0.00746387667940186,-0.00324023177077675,66
-0.0146855317492681,1.01486126501753,-0.000181841992260587,67
0.0196943910673955,-0.0161692977362933,0.996508386565566,68
-0.00792531417755153,1.00810493752885,-0.000193518659495693,74
0.00840172221905067,-0.0065415306983356,0.998189999360089,76
0.19385902211876,0.805808175247009,-3.64714800162243e-05,77
-0.0229062413515507,1.02313098081741,-0.000209859831062731,78
-0.0354425100014923,1.03569955295552,-0.000219889201795494,81
0.246339588469273,-0.0150597047285801,0.768766483560005,83
0.0112892618887922,0.988816544593233,-0.000157341531286587,87
-0.036243022578865,1.03644278227091,-0.00016823173732361,92
1.04628503283639,-0.0432869917899058,-0.00304977766627659,97
-0.083892096195847,1.08421892782958,-0.000211977650680828,98
0.0352623307915905,0.00184895145221343,0.962955236403741,99
0.00777836175398244,0.992723322909306,-0.000423294433293018,100
0.805759949117018,0.00346206619771875,0.190884415764556,101
-0.00170863130280408,0.000356727489453437,1.00141397056317,102
0.642903835493801,-0.00622008025650056,0.363397496047843,104
0.952872699956517,0.0505634593161712,-0.00325682267696653,105
-0.00194193152962829,-0.000299722778672462,1.00230253344905,106
0.90539847115612,0.0978366108886041,-0.00306427478838982,108
-0.00949205924792304,1.00964169749075,-0.000164676138246218,110
0.119117215459222,0.880725790548986,-8.30601706091149e-05,112
-0.00864808850126098,-0.00141332665341781,1.01011997618601,114
1.18909838636904,-0.187613415221703,-0.00170633390607337,116
0.980715342599968,0.0224473637064371,-0.00309971011103412,117
0.0103102556607224,-0.00875832082575539,0.998494375218536,120
1.00011227722675,0.00316009676734398,-0.00319091521402505,121
0.64493736088247,0.35780149645611,-0.00250660921507274,122
-0.0240617458068358,1.02050591161257,0.0038415026558337,123
-0.0531552517905444,1.05345007934939,-0.000228803186261233,124
-0.0597751640751369,1.06004711625562,-0.00019922112650144,126
0.00360790358060332,0.996549471313093,-0.000180556963187801,127
-0.0414049841297026,1.04165598642211,-0.000210250425871501,132
1.02594023901479,-0.0283566451255293,0.0024674489448333,134
0.0089738125257619,0.0214916531018756,0.96963498961351,135
0.025385340344499,0.974686494851646,-0.000148009432122741,136
-0.049454137001418,1.04971607883367,-0.000207229431827412,137
1.01545488336404,-0.0121389251387395,-0.00322999251924157,138
0.00356116454276515,0.99656486087977,-0.000164046708266884,139
1.01016560250748,-0.0069234250073228,-0.00318000399189634,140
0.993637832406203,0.00961950898209082,-0.003174893304937,144
-0.0108455244720194,-0.0035865727488304,1.01448665802682,145
-0.0167862003822528,1.0173065672731,-0.000413125288191387,146
-0.00311983893595214,0.00434746354893049,0.998841525867038,147
0.997169689134867,0.00610496590218507,-0.00318972550773379,148
-0.0126074537956263,1.01272991557525,-0.00013229194924961,149
0.98570436756855,0.0170834906815957,-0.00267075998954261,150
-0.00379743847638547,-0.00278664382781613,1.00664041553422,151
0.00152783911508791,-0.00671985610302012,1.00524155777744,152
1.01798403668653,-0.0146560765393094,-0.00324379238474871,153
0.625384403721531,0.378446096060856,-0.00321831349466072,154
0.000231740668417135,0.000425869642185772,0.999404673649667,156
-0.00441398621104083,-0.00294710993843555,1.00741711216938,158
0.000206250000361674,-0.00620440281868478,1.00604855377624,160
0.974947305404349,0.0245536120356793,0.000651352279114966,164
-0.058680993137819,1.05899412124422,-0.00022174779674748,166
0.995089869833969,0.007394905944104,-0.00236218458623977,167
0.981664342953305,-0.0324327353348338,0.050818984600501,169
0.0230320901613941,-0.000596291434281922,0.977625749839868,171
0.987331375247873,0.0160121967570394,-0.0032248084889623,173
1.02212952138062,-0.0189867673083305,-0.0030679188973447,178
0.797885762516778,0.205835709506077,-0.00330455895522402,179
-0.0117702489110956,0.00147810483153604,1.01035573657263,181
-0.0874882226765661,1.08631601065809,0.00132196750594641,182
0.755744465197428,0.246792109427099,-0.00247360973259256,183
0.947495570388814,0.0559912446714787,-0.0032856346958339,184
0.0221987077839301,0.010956529510077,0.966926974438092,187
0.0105444179899962,0.98955505376215,-0.000149718717012447,188
0.186643365712419,0.813038302086802,-3.89973904470881e-05,190
0.0047728113488487,0.995519000160977,-0.000280229423416033,191
0.00868997530912785,0.00313433769582355,0.988243231372482,196
-0.0366283202414683,1.03686871824491,-0.000207633646057178,198
-0.0344937823734397,1.03470528730387,-0.000183006353098835,200
0.992585551334686,0.0108068923819003,-0.00326410884141189,201
1.14706349934374,-0.145538653302236,-0.0016690363056997,202
0.926272983736173,0.0772591529220023,-0.00329419891507217,203
-0.02487743129501,1.02509889166286,-0.00019621839441415,207
-0.0416582395348897,1.04184183576487,-0.000142653294110482,209
0.0591312009613831,-0.00130988184214625,0.942240686508709,210
0.75601449630431,0.247936892037849,-0.00341950893600283,211
0.0437493002697671,0.956722079432047,-0.000436226455530301,212
0.297380143842377,0.703680744294729,-0.00106428382994923,213
0.000543264101217078,-0.0046803199100542,1.00419020420506,214
1.15313800266737,-0.212276139991891,0.0588746868833839,217
1.01468211281661,-0.0113444339892439,-0.00324775076352068,220
0.000833496885649598,0.00746017782250882,0.991781244000886,221
0.992192817914523,0.0111892664810101,-0.00325679088183778,223
-0.0114390674508588,1.01162765804525,-0.000196271765850358,225
0.00257740088589675,-0.000910472371283354,0.998393073435733,228
-0.0126631375025421,-0.00573790961558737,1.01845166522042,231
-0.0379733988343303,0.0271314548449459,1.01095024840519,232
-0.00946486797368569,1.00961584256808,-0.000166233534116564,234
-0.0199481591610678,1.02111736304805,-0.000843946566481028,235
4.89137473147494e-06,-2.83557035378051e-05,1.00008492339199,236
0.310594530949043,0.690903527754733,-0.00136866943970432,238
0.884831526640371,0.118449091076741,-0.00309007580098923,239
-0.0229621068466133,1.02328569228294,-0.00027588529768852,240
0.967622901205204,0.0358204082589962,-0.00327123438009567,241
0.432938302764579,0.566128684038087,0.00014427558286996,242
-0.0257863788441502,1.02601556298495,-0.000210174032965904,243
1.15194953243366,-0.148953547773595,-0.00314610661142429,244
0.997642427917918,0.00563175118717814,-0.00318984347107311,245
0.00134687572466552,-0.00164328866765427,1.00035504248892,246
0.817158728856021,0.185542842618246,-0.00264056291011949,248
0.96887505247509,-0.0333755728664432,0.0645488080814069,249
1.0024755349813,0.000748119709286328,-0.00311261024719745,250
0.0780009729736294,0.922326913022358,-0.000371901583610229,251
-0.0370631039119111,1.03730382896764,-0.000207424921451476,252
-0.000474490640085312,0.00176913354496525,0.998770014292377,253
-0.269087841416496,1.2699380243212,-0.000400835059004943,254
0.944782661246415,0.0564961762643576,-0.00107070436012264,255
-0.0268446899489001,0.0219541972426202,1.00499005440388,256
1.00705137880797,-0.00789978885769537,0.000910830067449295,257
-0.0178624591115483,1.018068866112,-0.000202257867550621,259
0.0316256976028859,0.9684342444827,-0.000147010033246079,260
-0.0305847608740875,1.03084147575588,-0.000224151404756782,267
0.524271686613076,0.474564039859889,0.000215860396411207,269
1.13244343599032,-0.129609959103,-0.00296259157997963,270
0.000258349906914868,0.000581009898198356,0.999223203453677,271
0.745150031348325,0.253139985708081,0.000375677314607399,273
-0.0177006588081006,1.01782803267646,-0.000128312864541418,274
0.405097031677866,-0.0120785144074642,0.607040826415427,275
0.0261668699811925,0.973907645562871,-0.00015205269389262,276
0.11407234097699,0.885791215424879,-9.47756514499698e-05,277
0.521518773938373,0.477357174055565,0.000189725451880126,278
0.104508504371618,0.89614414783436,-0.000613456115740378,279
-0.100299135975481,1.10071539590427,-0.000266483292240874,280
0.00191138956536552,-0.000644963301536731,0.998794019483323,281
-0.0241290523326825,0.00986547315397679,1.01434160795355,284
1.00086605809425,-0.00545280358096986,0.00468660842228609,288
0.0446341545338294,-0.00168458724093709,0.957111069702426,289
0.975224983095062,0.0281979408933006,-0.00326859187461151,290
0.953972233811031,0.0456564390742658,0.000559691746111266,292
0.971230661715831,0.0322144272614418,-0.00327926328979312,295
-0.0231131685138325,1.02329924339498,-0.000177469454536697,297
0.00180572367293919,-0.00675794259631823,1.00500170482231,298
-0.042483576333944,1.04273664747112,-0.000210517133717222,303
0.142535390729779,0.857248602911209,-6.49940311467581e-05,304
-0.0090636937346807,1.00921407696288,-0.000166342844222621,308
-0.00894263702996456,-0.00465088641516347,1.01364626845042,309
0.138629116880857,0.861150868290101,-5.4146057624777e-05,310
-0.0107214129217435,1.01090852561041,-0.000195946058887751,311
-0.0277012533340348,1.02792343694105,-0.000203716658450663,312
-0.0226736468290381,0.00757993945439713,1.01516771034814,314
0.00842650542614098,0.0139032381925837,0.977757086501547,316
-0.0418614525120659,1.04211349788031,-0.000210625368307654,317
-0.0012897879279361,0.000698510549586362,1.00065397676127,318
0.00679941381538041,0.00953156885735339,0.983747934962911,319
1.14195187870027,-0.139041678399096,-0.00304296661252573,320
1.06859697470977,-0.0654770044010511,-0.0031244184980918,322
-0.0416242715378878,1.04191380100851,-0.000235903060000153,326
0.38695293320246,0.611774968011292,0.000562950225626168,328
0.00117967022437693,-0.00660477974702914,1.00547483979276,330
-0.000755801914776866,0.000311397740786618,1.00050643550844,331
-0.0203733442830972,1.0206743420311,-0.000263174056041278,332
0.740673404045869,0.263328111143724,-0.00343898845812703,334
0.00799799963939796,0.00998068559731964,0.982101094873455,335
-0.0985301047566199,1.09884711289408,-0.000176642854125373,337
-0.0640552903728586,1.06433625758558,-0.000200767152592704,341
1.24343857148134,-0.240719640429116,-0.00304532426083181,344
1.02762589420117,-0.0246634635459674,-0.00300827322113481,345
0.0584246142999771,0.941566253064119,-0.000124804811219591,347
-0.0490729301224543,1.04934729645272,-0.000218870575395613,348
-0.00177943984955875,3.39608770954375e-05,1.0018069639056,349
0.980768811508084,0.0226513843532018,-0.00327100234356065,350
-0.0080108162189072,-0.00370109826353785,1.01176640635942,352
-0.0159732061487257,-0.00463983527855931,1.02066546816714,353
-0.00301729453528368,1.00317786265653,-0.000185197534384534,354
-0.0159166218280979,-0.00454303693328559,1.02051226168965,356
0.88822993725892,0.115348777102516,-0.00328880586893644,357
0.98649340767786,0.0169126567374637,-0.00326771206018581,360
0.278105198264459,0.722736491795441,-0.00089984924895254,361
-0.050117344836494,1.05039555879367,-0.000220502805207387,363
0.984698237861341,0.018711866116884,-0.00326875279751903,364
-0.0579757834860348,-0.0984291953632926,1.15628705857867,365
-0.00498579037093405,-0.00417868942996207,1.0092182612745,370
0.0026435263370963,-0.00496597248353714,1.00237518363247,371
0.959878365328606,0.0435647495832664,-0.00326793507477829,372
0.174194196893368,-0.00549101642007538,0.831356865236973,373
0.00228248198512687,0.997809990175258,-0.00012832359666158,374
-0.00073377398461183,0.000228332725195478,1.00056732479647,376
0.00869207668230142,0.991409103143729,-0.000148192991249483,377
0.997325978225182,0.00594790078067788,-0.0031893509268704,378
0.911290686835166,0.091966934567079,-0.00309061960723625,379
0.380616762086511,-0.009003405364037,0.628450313813137,380
1.02907241916008,-0.0259193862653051,-0.00308857669843917,381
0.633467483727926,0.365108635528886,0.000286690235325066,382
0.0409875720610561,0.959015201632392,-0.000106286190021091,383
0.147380973104763,0.853751989401053,-0.000974084832941507,384
0.00174273269033076,-0.00678884375608184,1.00509553855927,386
0.00435814086595143,-0.00271951860733114,0.998418223438046,388
0.993846664770482,0.00952964170619905,-0.00325459657802747,391
0.100752848466993,0.0117451819059142,0.887589371901606,392
0.978340882726484,0.0250819020612129,-0.00327137401081361,395
1.01320406336257,-0.00986281521777072,-0.00324876059737235,396
0.00627937370660048,0.00113933090649312,0.992645148715918,398
-0.00251146323828499,-0.00120594776770412,1.00377663876091,400
-0.000721397179266337,0.000220326677817267,1.00056294028641,402
0.0996090701186734,0.900293344038663,-0.000107412816332571,403
0.142918813412729,0.0062106013553721,0.850950096880722,405
-0.0262534283078708,1.02640195807058,-0.000134515117031349,406
0.836129734783151,0.00207117433899461,0.161904517591421,407
1.07570295694923,-0.0777308388058429,0.0020017633624429,408
-0.000812032322684786,0.00137692262701826,0.99949904780015,411
-0.0131842815567527,-0.00467264883165006,1.01790943243282,413
0.00149635834718298,-0.00656113246716734,1.00511459783647,414
-0.000736432505032969,0.000232944922104336,1.00056537925743,415
-0.00165930425032033,1.00181112555268,-0.000180691995404786,417
0.63904813040886,0.363006004216101,-0.0020353197131185,418
0.581036188022432,0.420905751805279,-0.00191492141132274,420
0.00167803213585116,-0.00682226708443114,1.00519359943462,423
0.0290008915214686,-0.000206169795967458,0.97126781298908,424
0.528536689255076,0.474284833884934,-0.00245447233244227,425
-0.00276843301455765,0.0197507362615425,0.983114466190224,426
-0.00596046684909002,-0.00489672787539563,1.01090964256943,430
-0.00885687668156709,0.00744386590059622,1.00148743429353,431
-0.115522854491978,-0.240708403952529,1.3548154245739,432
-0.0331643532448279,1.03337517989412,-0.000184647954313527,433
1.04244801353183,-0.0394831388891726,-0.00302434281382721,436
0.00151135960903548,-0.00676497058873277,1.00530307012932,437
-0.0930426547947864,1.09071800612476,0.00246459001231839,438
0.0936520465491196,0.894730591136942,0.0115005811175235,439
-0.00298757962204044,-0.00503007359072059,1.00807000504922,440
-0.00491559368661632,-0.0024574073675932,1.00742987052463,441
1.00559803569635,-0.00234723670262871,-0.00318155358564203,442
-0.0041259532796416,-0.00202406832801025,1.00620770561506,443
0.987551797101364,-0.00431307625996375,0.0168625417085981,444
0.915482913470495,0.0875370960774235,-0.00294235201686012,445
0.119122423449781,0.880689789250985,-5.23290725135999e-05,446
1.23759970380364,-0.236590538517439,-0.00131502987088935,449
0.0244583769788698,0.975775392714943,-0.000259590295891616,451
0.953242647937483,-0.0180632926991937,0.0648956181204356,452
0.0148594990229027,-0.00110509775520631,0.986305842508376,453
0.273984131632807,0.725481184290424,2.39102888862517e-05,455
0.141719090227201,0.859390268327145,-0.000953082326671579,456
-0.00344488383855657,-0.00257105268754827,1.00607267305932,457
0.864487273981703,0.139222878257106,-0.00335793265382012,459
-0.0208030225222917,1.02098267566072,-0.000175088034617112,460
-0.081983724097788,1.08266605711054,-0.00046124870988325,461
1.02557137513884,-0.0225320900440282,-0.00297942467274294,463
0.930779845917051,0.0727287743560299,-0.00327709834072227,468
0.68785634567313,0.315361730375086,-0.00286655236516219,469
-0.00245384046928843,-0.00255212034055445,1.00506277892575,471
-0.00486583966637233,-0.00111341890368108,1.00603853892683,473
0.979824815147317,0.0235951876345709,-0.0032708826588069,474
0.0885654776287935,0.911356534002376,-0.000108643054425499,475
-0.00597310600744654,1.00611640991876,-0.000164666214069939,477
-0.00263772515486869,1.00277048771309,-0.000159960520777796,478
-0.00636866543020218,1.00709742413201,-0.000562044388338074,479
0.0131530604782881,-0.00267124372327467,0.989575533693393,480
1.23695536157851,-0.234175060297,-0.00308019652611987,483
0.814535305496045,-0.0369005609932789,0.222399800673518,484
-0.00541170891700471,-0.00651141631624231,1.01197270586389,485
1.04275485290036,-0.039604709687036,-0.00314854528721856,486
-0.00219638107730868,0.000182742301609772,1.00207537028222,488
1.00051601800423,0.00274693315354137,-0.00318498876943797,489
0.489845286840195,0.511578635327999,-0.00148402329500891,490
0.0628350554864225,0.00800924239350802,0.929234586160319,491
0.00121143574038188,0.99891952435814,-0.000164872543410115,493
0.00149433279428357,0.000374907029101409,0.998193013527835,496
0.28023897104309,0.721691737501571,-0.00162988913391808,498
-0.00951690014376139,-0.00739550921643628,1.01696020824962,499
-0.100730948736146,1.10114700334963,-0.000265888496758788,500
1.01886033815676,-0.0180073974614779,-0.000787382553541757,503
0.645687072725052,0.357365355279149,-0.00271691717879683,504
0.284087770961965,-0.00836166481975592,0.724334079527796,505
0.945588660073334,0.0576470184333379,-0.00304384964532327,508
0.180999775667806,0.81869579876474,-4.38138098337067e-05,512
0.102877054065318,0.897345271695777,-0.000324283151795082,513
0.980586863200971,0.0211700102793196,-0.00161028134510602,516
-0.0214758380703033,0.0152985249407714,1.00626520575853,517
-0.00398405503907306,-0.00202561352964625,1.00606735662813,519
0.916462864050264,0.087115160808,-0.00331699988235811,521
-0.0197987257538246,1.019936146369,-0.000134682651697104,522
0.744962466588527,0.258715982178226,-0.00322698379955125,524
0.99825097939443,0.00502137289181728,-0.00318918368363814,525
-0.00230630665027998,-0.00532183637264164,1.00768000476591,526
0.00242977545480305,0.0014386914316337,0.996195728067311,527
0.938698522407616,0.0644141927952196,-0.00302666228521563,529
0.952942620633586,0.0165884231338834,0.0306060045628495,530
-0.0119549382224542,-0.00207168414523789,1.01408384457778,531
0.218921691469317,-0.00510487378860535,0.786246070764906,532
0.971106369490753,0.0173313775971964,0.0116843445098822,533
0.00724546609446675,0.0122364465036551,0.980601873758797,535
0.506087576773222,-0.0250786749218631,0.519032001073919,537
0.237249460764265,0.764961817258492,-0.00177782328816478,538
-0.0291727940889392,1.02983041660153,-0.000444471287663049,539
0.00111349181597697,-0.00607499183194463,1.00501217651047,541
0.927610477577149,0.0759398942264204,-0.00330885267602557,543
0.001499803439583,-0.00444632323993674,1.00300013352997,544
0.744047804506706,0.259538433728365,-0.00316450031154773,546
-0.0224876467549089,0.0257503023173415,0.996843917401996,548
-0.00455815356782553,1.00469545275921,-0.000161140461174469,550
-0.0502280338824541,1.05048334368396,-0.000199292931460651,551
0.00335373580487355,0.996734545757579,-0.000125977559125124,554
-0.00263224991537174,1.00281037981249,-0.000197405681029227,555
0.919321161635151,0.0842470957680414,-0.00331236247071308,560
0.00113818759039641,-0.00661569964659373,1.00552722076254,562
1.06361756536937,-0.0604094803315785,-0.00320579507475946,563
-0.0137704514525698,-0.00469934378824122,1.01852222125946,566
0.99517884312307,0.00797924791089251,-0.00309881074816455,567
0.225036541666417,0.775722049748271,-0.000788716384745879,568
-0.04450435872745,1.04475269167312,-0.00020231046680371,569
-0.0509163821940571,1.05153445818601,-0.000446955426948566,571
-0.127721863291943,1.12812106635165,-0.000206647024788923,572
1.19858648226372,-0.196798114876521,-0.00202189596876286,573
0.633017729575385,0.369971539114651,-0.00266300846627462,576
1.01980635854485,-0.0164839803319934,-0.0032413944874013,577
1.01198564882039,-0.0325771923694684,0.0206433347351887,578
0.00344430134217721,0.00111189578439599,0.99550747071124,587
0.998438330082655,0.004833178613562,-0.00318879259619067,588
-0.0529657772627434,0.017908774865747,1.03514805851824,591
0.28203736268713,0.717855096406444,-0.000269055189663766,592
1.02039731810487,-0.0171740160102833,-0.00317682504842224,595
-0.00145091555704768,-0.00050510408157417,1.00201655434049,596
0.76705476799563,0.236563462205956,-0.0032071048761894,597
-0.0170124681226289,0.00791473855693241,1.00917260367361,599
-0.00971826786445776,1.00990433054352,-0.000196170051400861,602
-0.0418136149407056,1.04210929252184,-0.000225345104017333,603
0.0198391618324006,0.980274400430148,-0.00017497270482319,605
-6.0058345206393e-05,-0.00553290364993295,1.00564455350902,606
-0.00330168148039878,0.00538967031714949,0.997983020583343,611
-0.0052730859454615,1.00541444862446,-0.000163949676227733,612
1.04885738231842,-0.0456045206236578,-0.00322273345673024,613
0.00226363524110673,0.00541612461532681,0.992391564593501,615
-0.0681932141310598,1.06872538376004,-0.000368862272585959,618
0.00151720006167566,-0.00677699561871917,1.00530923343803,619
-0.00402459756221618,-0.00473885528801913,1.00881627669772,620
0.837472325476469,0.164022831051261,-0.00185228224475456,622
1.07201343159166,-0.0695263758705302,-0.00269408920387987,623
0.117233613888533,0.882619221573144,-8.9587073314461e-05,624
0.977075334464184,0.0263496121953127,-0.00327165207653072,626
0.00140290418126412,0.998700420091888,-0.000137622309731499,628
0.052738610081712,0.0247855656597239,0.922584286742454,629
0.027658104100339,0.0229258546038929,0.949519964746681,633
-0.0505454241209295,1.05081909911207,-0.000217071692281816,634
0.000133896130466882,-0.00487736230870775,1.00479624178027,635
1.15714638718987,-0.157243650808787,-6.73984705092264e-05,636
0.00899412620046047,-0.00217461901481025,0.99323853792427,638
1.07181883063861,-0.0688675840422313,-0.00304196984286964,639
1.16214749557775,-0.161574990918166,-0.000744695822545652,640
0.952007016533546,0.0514134129107624,-0.00324550902357052,642
0.0652111303998157,0.934907037379488,-0.000219907622790624,643
0.346931195132276,0.652338082350773,9.2340630030106e-05,644
0.00120859200071077,0.0115177962950818,0.987355819892443,645
-0.00836893273210504,0.00567631263441245,1.00276389953405,646
0.00175203847561867,-0.00189377761711531,1.00019993927311,648
0.947488432137237,-0.0322372170338604,0.0847980842086129,649
0.959639931895395,0.040076954973651,0.000462257556121435,650
0.00492994601035446,0.00174012560436324,0.99339479347863,652
0.00886050877471156,0.00928431466760907,0.981933750211021,655
0.113306311393207,-0.00948718081600106,0.896230825971063,656
0.774312192682489,0.228482485077442,-0.00228658325125802,657
1.00273106104241,0.000528637554528484,-0.00318485793627008,658
0.95353342094701,0.0494522328353364,-0.00295342618283005,659
-0.0102414738736112,0.000557103035145834,1.00974638636595,660
0.0159935536980986,-0.00901034128591266,0.993062919293058,665
-0.0204123144199395,0.0112801216966089,1.00921293533836,666
1.02156083425823,-0.0183115452267028,-0.0031828501675901,668
-0.00922891472510805,1.00937929633134,-0.0001660531015337,670
0.377813441993164,0.623926876871124,-0.00159265879246714,671
0.189878043463348,-0.00599209416584149,0.816173952624691,672
-0.14593475088194,1.14641284951174,-0.000254773141507092,673
1.09200545031709,-0.0889221725181298,-0.00314796176914145,675
0.0753513187473146,0.924588759747078,-0.000103630418213657,681
-0.0791037785856475,1.07941676540501,-0.000206452864016874,683
0.448400271181774,0.550780666786198,5.67741004541763e-05,687
-0.0139918037085631,0.00968802567146382,1.00438197627195,689
0.0225114320373199,0.977572742885261,-0.000155319807010223,691
-0.010759855343523,1.01094699730264,-0.000195930120200719,692
-0.000634706591647438,-0.00545694896470863,1.00614335555099,694
1.01166368851749,-0.00838547153473108,-0.00320392494462956,697
0.00244254874543492,0.00490726615260677,0.992720606256129,702
-0.24671811558156,0.0137077167103067,1.23308460528715,703
-0.147137834131869,1.14775596422289,-0.000352982722382796,704
0.0636650466136319,0.936284670058511,-9.28729698618443e-05,706
0.0719181513680885,-0.00824172216380536,0.936373769094596,707
0.00678722497866245,0.993330757659999,-0.000161644473489002,710
0.00133484700677,0.00320784928914218,0.995524626154912,711
0.790704035202484,0.21288062523958,-0.00320647360132039,712
0.228685715825742,0.770891796145178,-9.12552590959195e-06,713
0.107564622685344,0.893828189425246,-0.00111105710491194,717
0.104418984683696,-0.00262687685586444,0.898269715372202,718
-0.00307571295272724,0.000818918878520203,1.00231962335762,720
0.300653590170061,0.69873942702582,4.95291816246302e-05,723
-0.0220418332604028,1.02218255348225,-0.000134064445187773,724
0.986533489645882,0.0165758020267701,-0.00306911775095354,725
-0.00124874116289275,0.000274808102593109,1.00103587512138,726
0.000517305373137766,-0.00531871714109897,1.00485341487657,730
0.0509776723290072,0.949041065566309,-0.000139644167495987,735
-0.0862207146139979,1.08657753960197,-0.000237854984959841,738
0.290883332019759,0.708532391850429,4.39021857004228e-05,740
0.00154405479115405,-0.00676224695220094,1.00526765776376,742
0.0251733574164538,0.974920145357898,-0.000162320839208363,744
0.945181303823312,0.00173797486592716,0.0531870049312727,748
1.02301719886678,-0.0197988915486696,-0.00317590317221425,749
1.2385425298155,-0.241571114892823,0.00271245383809687,752
0.958948707212117,0.0444983611367681,-0.0032697195139885,755
-0.00728705621376977,1.00743223114504,-0.000163867516455241,757
-0.0917496174673726,1.09215198876786,-0.000265093392168995,758
-0.00226941279738746,0.000202767902515735,1.00212840877693,759
-0.00839483757187781,1.00900112898079,-0.000478305777784387,760
-0.013330215937432,0.00772464321411717,1.00568027993852,762
0.0903872768682984,0.909486676858757,-6.38390416033008e-05,763
0.965216858388236,0.024982453126687,0.00993428688192411,764
0.000913453947744891,-0.00650983875984855,1.00564627242,765
1.03301981487611,-0.0306073830146499,-0.00235610254604571,767
-0.000840852846244688,-0.00223062245573516,1.00312894712071,768
1.01295655852973,-0.00963911537894257,-0.00323139679755988,769
1.13282329748422,-0.137416927831526,0.00446333462602704,770
0.0844069054707332,0.916588867203304,-0.000824165762966071,771
1.12579362681478,-0.130392003858993,0.00448035083209925,773
1.05598237693601,-0.0553212823768555,-0.00066230103784475,774
1.13961059400826,-0.136764816742492,-0.00303261882730982,776
0.0093808391311559,0.990731512227599,-0.000160543726202098,778
-0.141498886332863,1.14195643160515,-0.000241992502155957,780
0.940053614193835,0.0633598916250323,-0.00322983875570442,781
0.851308612330908,0.152135089760292,-0.0031681187289383,782
0.292068924052917,-0.0171962955057678,0.725172108817559,783
1.00128472419451,0.00197977897099303,-0.00318673541187301,784
0.980778730957628,-0.0759518608392105,0.0951451582178369,787
0.129983099425202,0.86965442419676,0.000103104534379142,788
-0.0346460213153319,1.03493556534247,-0.000230202516464805,789
0.0851527917905973,-0.00212697417716807,0.917035975010388,790
0.00447113356288664,0.00488178918271565,0.99071755029933,791
-0.0706089756095032,1.07091173659034,-0.000211045453814437,794
0.0186039373193089,0.981486793038549,-0.000155048961171854,795
1.01220707957168,-0.00886340279967756,-0.00324946592818802,796
-0.145116158919084,1.14610861754872,-0.000610305975214601,798
0.390558969345547,-0.0214259158581057,0.630908840128485,799
0.886435294332659,0.0776509516024444,0.0361514101644991,800
0.220929191255763,0.778661466303765,-8.7204506495122e-06,803
-0.00580720366834253,-0.00385770463578133,1.00971922549983,805
0.144576090531264,0.855211345925536,-7.19895855367942e-05,806
0.0124569043831155,0.987638603041322,-0.000149096092461883,807
1.10495495842107,-0.101843338089036,-0.0031795011207445,808
-0.146030041235575,1.14650042393666,-0.000246904800039661,810
0.558019651330909,-0.0267773284040275,0.468798032915831,811
-0.000567568063639001,0.00167633857527185,0.998955715915913,815
1.01090609454285,-0.0219532655587639,0.0111179484676349,816
-0.0161295499554679,-0.00448724231530685,1.02066948494701,818
-0.0168741719324337,0.0120278620106341,1.00492856266081,821
0.977151699633106,0.0262704969412716,-0.00326988516226557,822
0.08361161092724,0.916341944155967,-0.00012609591935491,823
-0.033775342157926,1.03399596371901,-0.000184872370961214,824
0.000669886022911292,-0.00642773737068823,1.00580787437324,825
0.990131512683715,0.00268111210109839,0.00728655537660298,826
0.013402892091992,0.012463236051416,0.974218360722549,828
1.35689029565457,-0.358311472954951,0.000902956199092061,830
1.01447583767316,-0.0111376352542175,-0.00324791387237248,832
0.0640363418614124,0.00295748930166328,0.933076057653464,833
0.00929337836674882,0.00344831817831771,0.987326439534138,834
0.0692303591898377,0.930743095530064,-0.000126274187109224,835
0.00598528921450647,-0.00405875487803128,0.998127989620573,838
0.0356618744073536,0.964379622309611,-0.000135395428878745,842
0.0929502328655433,0.906909052162136,-5.36757190129648e-05,844
0.002269258294056,0.00516876568324496,0.992632857463665,848
-0.00877198223655866,1.00892136429085,-0.000165852189836621,850
0.00795228963023242,-0.00310494701343802,0.995208985166698,852
1.00302494660676,0.000233936017752955,-0.00318458359232626,853
-0.0309110100816368,1.03107154353248,-0.000138374634970711,854
-0.0125887188764642,0.0307835414324073,0.981921246942902,856
-0.00362477119895699,0.00348342748115986,1.00020892151838,857
1.11342644596637,-0.110341297837748,-0.00316876436824247,859
0.0419453598348956,0.00326132062499214,0.954862690616971,860
0.0126846354073822,-0.00476949839662255,0.992138435342303,862
1.00225795465881,0.00100399983476223,-0.00318592950585094,863
0.0217557281245052,0.978319923792486,-0.000145493638214421,865
1.08162474379372,-0.0806745231445567,-0.000981332729413747,866
-0.024831711424947,1.02498177305203,-0.000138523660290784,868
-0.00418488898115732,-0.0028947503418912,1.00713576019029,869
0.990232604320903,0.013149662702443,-0.00325379618965762,870
1.17245492054209,-0.171351950162593,-0.00129219195378375,871
0.00866736138860012,0.992066057286863,-0.00057902110069245,872
0.173083776810363,0.826635027750288,-5.17845965230158e-05,875
0.987864605975151,-0.00182453733985329,0.0140652575318431,876
0.987155279102796,0.016236813159027,-0.00325772934457113,879
0.993520337889016,0.00981559835866425,-0.00322490866456862,880
-0.0372072810778257,1.0374274797618,-0.000186952470101242,881
1.09666314079619,-0.0935294937196506,-0.00318710310389673,882
0.956146036852647,0.0472883068370429,-0.00325862870327557,883
1.25988899100975,-0.25920054917763,-0.00103086463382873,884
0.000369667847260668,0.00424271430073095,0.99545674841857,885
1.06515002334798,-0.0619443293626337,-0.00320633125734313,887
1.12955615695127,-0.127178144515512,-0.00271021077802682,888
-0.0810050903085804,1.08135465438585,-0.000239704193902603,891
0.0140243094938531,0.986080451022571,-0.000161067266995203,892
0.981814664958714,0.0215023061730811,-0.00320384756186015,893
0.00248928677329507,0.000770521006783813,0.996803202367865,894
0.174572521352252,0.825117280394577,-2.68425254247823e-05,895
0.00167600138955115,-0.00682067219216805,1.00519403804913,898
0.00939554937777642,0.00871674599225991,0.98196528690207,899
