"ID","PrGhost_Knn","PrGhoul_Knn","PrGoblin_Knn"
0,0.245989304812834,0.374331550802139,0.379679144385027
1,0.203208556149733,0.385026737967914,0.411764705882353
2,0.0802139037433155,0.545454545454545,0.374331550802139
4,0.0802139037433155,0.566844919786096,0.352941176470588
5,0.310160427807487,0.374331550802139,0.315508021390374
7,0.352941176470588,0.219251336898396,0.427807486631016
8,0.319148936170213,0.356382978723404,0.324468085106383
11,0.251336898395722,0.368983957219251,0.379679144385027
12,0.566844919786096,0.144385026737968,0.288770053475936
19,0.363636363636364,0.336898395721925,0.299465240641711
22,0.320855614973262,0.315508021390374,0.363636363636364
23,0.245989304812834,0.406417112299465,0.347593582887701
25,0.308510638297872,0.372340425531915,0.319148936170213
27,0.288770053475936,0.235294117647059,0.475935828877005
28,0.245989304812834,0.385026737967914,0.368983957219251
29,0.245989304812834,0.379679144385027,0.374331550802139
30,0.363636363636364,0.18716577540107,0.449197860962567
31,0.0855614973262032,0.561497326203209,0.352941176470588
32,0.219251336898396,0.417112299465241,0.363636363636364
34,0.347593582887701,0.320855614973262,0.331550802139037
35,0.25668449197861,0.358288770053476,0.385026737967914
36,0.320855614973262,0.352941176470588,0.32620320855615
37,0.245989304812834,0.347593582887701,0.406417112299465
39,0.315508021390374,0.352941176470588,0.331550802139037
45,0.245989304812834,0.39572192513369,0.358288770053476
47,0.347593582887701,0.342245989304813,0.310160427807487
54,0.24468085106383,0.372340425531915,0.382978723404255
56,0.299465240641711,0.331550802139037,0.368983957219251
58,0.329787234042553,0.345744680851064,0.324468085106383
62,0.245989304812834,0.32620320855615,0.427807486631016
69,0.315508021390374,0.331550802139037,0.352941176470588
70,0.497326203208556,0.181818181818182,0.320855614973262
71,0.310160427807487,0.363636363636364,0.32620320855615
72,0.304812834224599,0.262032085561497,0.433155080213904
73,0.171122994652406,0.454545454545455,0.374331550802139
75,0.502673796791444,0.160427807486631,0.336898395721925
79,0.338624338624339,0.349206349206349,0.312169312169312
80,0.245989304812834,0.417112299465241,0.336898395721925
82,0.310160427807487,0.379679144385027,0.310160427807487
84,0.449197860962567,0.18716577540107,0.363636363636364
85,0.310160427807487,0.368983957219251,0.320855614973262
86,0.382978723404255,0.234042553191489,0.382978723404255
88,0.347593582887701,0.347593582887701,0.304812834224599
89,0.315508021390374,0.294117647058824,0.390374331550802
90,0.310160427807487,0.352941176470588,0.336898395721925
91,0.486631016042781,0.18716577540107,0.32620320855615
93,0.112299465240642,0.545454545454545,0.342245989304813
94,0.385026737967914,0.299465240641711,0.315508021390374
95,0.283422459893048,0.336898395721925,0.379679144385027
96,0.251336898395722,0.336898395721925,0.411764705882353
103,0.132978723404255,0.441489361702128,0.425531914893617
107,0.155080213903743,0.518716577540107,0.32620320855615
109,0.390374331550802,0.294117647058824,0.315508021390374
111,0.358288770053476,0.336898395721925,0.304812834224599
113,0.358288770053476,0.342245989304813,0.299465240641711
115,0.181818181818182,0.411764705882353,0.406417112299465
118,0.358288770053476,0.299465240641711,0.342245989304813
119,0.25668449197861,0.352941176470588,0.390374331550802
125,0.508021390374332,0.171122994652406,0.320855614973262
128,0.310160427807487,0.385026737967914,0.304812834224599
129,0.262032085561497,0.363636363636364,0.374331550802139
130,0.385026737967914,0.251336898395722,0.363636363636364
131,0.310160427807487,0.385026737967914,0.304812834224599
133,0.401069518716578,0.224598930481283,0.374331550802139
141,0.310160427807487,0.379679144385027,0.310160427807487
142,0.497326203208556,0.197860962566845,0.304812834224599
143,0.342245989304813,0.347593582887701,0.310160427807487
155,0.245989304812834,0.411764705882353,0.342245989304813
157,0.572192513368984,0.149732620320856,0.27807486631016
159,0.245989304812834,0.310160427807487,0.443850267379679
161,0.315508021390374,0.358288770053476,0.32620320855615
162,0.358288770053476,0.342245989304813,0.299465240641711
163,0.347593582887701,0.342245989304813,0.310160427807487
165,0.160427807486631,0.433155080213904,0.406417112299465
168,0.310160427807487,0.374331550802139,0.315508021390374
170,0.245989304812834,0.342245989304813,0.411764705882353
172,0.245989304812834,0.352941176470588,0.401069518716578
174,0.352941176470588,0.342245989304813,0.304812834224599
175,0.245989304812834,0.411764705882353,0.342245989304813
176,0.245989304812834,0.390374331550802,0.363636363636364
177,0.336898395721925,0.347593582887701,0.315508021390374
180,0.358288770053476,0.342245989304813,0.299465240641711
185,0.508021390374332,0.18716577540107,0.304812834224599
186,0.171122994652406,0.433155080213904,0.39572192513369
189,0.572192513368984,0.149732620320856,0.27807486631016
192,0.245989304812834,0.32620320855615,0.427807486631016
193,0.310160427807487,0.385026737967914,0.304812834224599
194,0.39572192513369,0.27807486631016,0.32620320855615
195,0.245989304812834,0.379679144385027,0.374331550802139
197,0.310160427807487,0.374331550802139,0.315508021390374
199,0.320855614973262,0.304812834224599,0.374331550802139
204,0.245989304812834,0.406417112299465,0.347593582887701
205,0.245989304812834,0.347593582887701,0.406417112299465
206,0.310160427807487,0.363636363636364,0.32620320855615
208,0.229946524064171,0.347593582887701,0.422459893048128
215,0.245989304812834,0.358288770053476,0.39572192513369
216,0.588235294117647,0.112299465240642,0.299465240641711
218,0.283422459893048,0.283422459893048,0.433155080213904
219,0.331550802139037,0.347593582887701,0.320855614973262
222,0.468085106382979,0.175531914893617,0.356382978723404
224,0.577540106951872,0.155080213903743,0.267379679144385
226,0.358288770053476,0.304812834224599,0.336898395721925
227,0.540106951871658,0.181818181818182,0.27807486631016
229,0.331550802139037,0.342245989304813,0.32620320855615
230,0.331550802139037,0.342245989304813,0.32620320855615
233,0.315508021390374,0.32620320855615,0.358288770053476
237,0.310160427807487,0.385026737967914,0.304812834224599
247,0.411764705882353,0.197860962566845,0.390374331550802
258,0.320855614973262,0.347593582887701,0.331550802139037
261,0.245989304812834,0.406417112299465,0.347593582887701
262,0.352941176470588,0.342245989304813,0.304812834224599
263,0.390374331550802,0.181818181818182,0.427807486631016
264,0.245989304812834,0.390374331550802,0.363636363636364
265,0.55026455026455,0.164021164021164,0.285714285714286
266,0.320855614973262,0.352941176470588,0.32620320855615
268,0.347593582887701,0.342245989304813,0.310160427807487
272,0.352941176470588,0.342245989304813,0.304812834224599
282,0.128342245989305,0.417112299465241,0.454545454545455
283,0.347593582887701,0.299465240641711,0.352941176470588
285,0.245989304812834,0.411764705882353,0.342245989304813
286,0.342245989304813,0.342245989304813,0.315508021390374
287,0.310160427807487,0.347593582887701,0.342245989304813
291,0.336898395721925,0.347593582887701,0.315508021390374
293,0.165775401069519,0.417112299465241,0.417112299465241
294,0.262032085561497,0.331550802139037,0.406417112299465
296,0.331550802139037,0.347593582887701,0.320855614973262
299,0.433155080213904,0.203208556149733,0.363636363636364
300,0.385026737967914,0.251336898395722,0.363636363636364
301,0.243386243386243,0.386243386243386,0.37037037037037
302,0.101604278074866,0.491978609625668,0.406417112299465
305,0.155080213903743,0.481283422459893,0.363636363636364
306,0.313829787234043,0.367021276595745,0.319148936170213
307,0.251336898395722,0.374331550802139,0.374331550802139
313,0.245989304812834,0.390374331550802,0.363636363636364
315,0.192513368983957,0.459893048128342,0.347593582887701
321,0.245989304812834,0.406417112299465,0.347593582887701
323,0.245989304812834,0.358288770053476,0.39572192513369
324,0.363636363636364,0.304812834224599,0.331550802139037
325,0.320855614973262,0.342245989304813,0.336898395721925
327,0.245989304812834,0.390374331550802,0.363636363636364
329,0.315508021390374,0.342245989304813,0.342245989304813
333,0.315508021390374,0.347593582887701,0.336898395721925
336,0.452127659574468,0.228723404255319,0.319148936170213
338,0.310160427807487,0.358288770053476,0.331550802139037
339,0.245989304812834,0.385026737967914,0.368983957219251
340,0.27807486631016,0.320855614973262,0.401069518716578
342,0.347593582887701,0.342245989304813,0.310160427807487
343,0.26063829787234,0.313829787234043,0.425531914893617
346,0.310160427807487,0.374331550802139,0.315508021390374
351,0.26063829787234,0.367021276595745,0.372340425531915
355,0.292553191489362,0.319148936170213,0.388297872340426
358,0.297872340425532,0.25531914893617,0.446808510638298
359,0.304812834224599,0.315508021390374,0.379679144385027
362,0.245989304812834,0.427807486631016,0.32620320855615
366,0.340425531914894,0.340425531914894,0.319148936170213
367,0.310160427807487,0.385026737967914,0.304812834224599
368,0.272727272727273,0.32620320855615,0.401069518716578
369,0.310160427807487,0.368983957219251,0.320855614973262
375,0.529411764705882,0.155080213903743,0.315508021390374
385,0.368983957219251,0.299465240641711,0.331550802139037
387,0.518716577540107,0.192513368983957,0.288770053475936
389,0.32620320855615,0.342245989304813,0.331550802139037
390,0.25668449197861,0.358288770053476,0.385026737967914
393,0.24468085106383,0.388297872340426,0.367021276595745
394,0.245989304812834,0.352941176470588,0.401069518716578
397,0.310160427807487,0.368983957219251,0.320855614973262
399,0.176470588235294,0.454545454545455,0.368983957219251
401,0.39572192513369,0.20855614973262,0.39572192513369
404,0.345744680851064,0.313829787234043,0.340425531914894
409,0.352941176470588,0.342245989304813,0.304812834224599
410,0.245989304812834,0.368983957219251,0.385026737967914
412,0.518716577540107,0.181818181818182,0.299465240641711
416,0.342245989304813,0.347593582887701,0.310160427807487
419,0.556149732620321,0.176470588235294,0.267379679144385
421,0.438502673796791,0.165775401069519,0.39572192513369
422,0.352941176470588,0.299465240641711,0.347593582887701
427,0.310160427807487,0.374331550802139,0.315508021390374
428,0.368983957219251,0.331550802139037,0.299465240641711
429,0.367021276595745,0.228723404255319,0.404255319148936
434,0.106951871657754,0.53475935828877,0.358288770053476
435,0.347593582887701,0.342245989304813,0.310160427807487
447,0.352941176470588,0.342245989304813,0.304812834224599
448,0.175531914893617,0.48936170212766,0.335106382978723
450,0.358288770053476,0.342245989304813,0.299465240641711
454,0.245989304812834,0.385026737967914,0.368983957219251
458,0.315508021390374,0.363636363636364,0.320855614973262
462,0.508021390374332,0.128342245989305,0.363636363636364
464,0.385026737967914,0.299465240641711,0.315508021390374
465,0.363636363636364,0.336898395721925,0.299465240641711
466,0.245989304812834,0.39572192513369,0.358288770053476
467,0.272727272727273,0.336898395721925,0.390374331550802
470,0.342245989304813,0.25668449197861,0.401069518716578
472,0.310160427807487,0.385026737967914,0.304812834224599
476,0.524064171122995,0.181818181818182,0.294117647058824
481,0.267379679144385,0.262032085561497,0.470588235294118
482,0.345744680851064,0.340425531914894,0.313829787234043
487,0.245989304812834,0.401069518716578,0.352941176470588
492,0.336898395721925,0.347593582887701,0.315508021390374
494,0.358288770053476,0.342245989304813,0.299465240641711
495,0.342245989304813,0.342245989304813,0.315508021390374
497,0.310160427807487,0.374331550802139,0.315508021390374
501,0.165775401069519,0.422459893048128,0.411764705882353
502,0.310160427807487,0.347593582887701,0.342245989304813
506,0.308510638297872,0.372340425531915,0.319148936170213
507,0.336898395721925,0.342245989304813,0.320855614973262
509,0.577540106951872,0.171122994652406,0.251336898395722
510,0.245989304812834,0.379679144385027,0.374331550802139
511,0.144385026737968,0.497326203208556,0.358288770053476
514,0.324468085106383,0.340425531914894,0.335106382978723
515,0.32620320855615,0.347593582887701,0.32620320855615
518,0.235294117647059,0.358288770053476,0.406417112299465
520,0.310160427807487,0.368983957219251,0.320855614973262
523,0.27807486631016,0.310160427807487,0.411764705882353
528,0.358288770053476,0.342245989304813,0.299465240641711
534,0.310160427807487,0.352941176470588,0.336898395721925
536,0.308510638297872,0.388297872340426,0.303191489361702
540,0.308510638297872,0.382978723404255,0.308510638297872
542,0.352941176470588,0.342245989304813,0.304812834224599
545,0.390374331550802,0.224598930481283,0.385026737967914
547,0.310160427807487,0.374331550802139,0.315508021390374
549,0.379679144385027,0.299465240641711,0.320855614973262
552,0.251336898395722,0.379679144385027,0.368983957219251
553,0.336898395721925,0.342245989304813,0.320855614973262
556,0.315508021390374,0.235294117647059,0.449197860962567
557,0.262032085561497,0.368983957219251,0.368983957219251
558,0.117647058823529,0.459893048128342,0.422459893048128
559,0.310160427807487,0.385026737967914,0.304812834224599
561,0.144385026737968,0.508021390374332,0.347593582887701
564,0.374331550802139,0.299465240641711,0.32620320855615
565,0.197860962566845,0.46524064171123,0.336898395721925
570,0.315508021390374,0.363636363636364,0.320855614973262
574,0.315508021390374,0.315508021390374,0.368983957219251
575,0.310160427807487,0.379679144385027,0.310160427807487
579,0.251336898395722,0.368983957219251,0.379679144385027
580,0.320855614973262,0.347593582887701,0.331550802139037
581,0.32620320855615,0.342245989304813,0.331550802139037
582,0.192513368983957,0.320855614973262,0.486631016042781
583,0.310160427807487,0.390374331550802,0.299465240641711
584,0.155080213903743,0.513368983957219,0.331550802139037
585,0.25668449197861,0.320855614973262,0.422459893048128
586,0.24468085106383,0.388297872340426,0.367021276595745
589,0.265957446808511,0.335106382978723,0.398936170212766
590,0.342245989304813,0.315508021390374,0.342245989304813
593,0.358288770053476,0.299465240641711,0.342245989304813
594,0.526595744680851,0.148936170212766,0.324468085106383
598,0.358288770053476,0.342245989304813,0.299465240641711
600,0.352941176470588,0.342245989304813,0.304812834224599
601,0.572192513368984,0.149732620320856,0.27807486631016
604,0.25668449197861,0.336898395721925,0.406417112299465
607,0.310160427807487,0.390374331550802,0.299465240641711
608,0.308510638297872,0.382978723404255,0.308510638297872
609,0.358288770053476,0.342245989304813,0.299465240641711
610,0.331550802139037,0.342245989304813,0.32620320855615
614,0.25668449197861,0.352941176470588,0.390374331550802
616,0.352941176470588,0.342245989304813,0.304812834224599
617,0.271276595744681,0.329787234042553,0.398936170212766
621,0.245989304812834,0.417112299465241,0.336898395721925
625,0.358288770053476,0.342245989304813,0.299465240641711
627,0.112299465240642,0.540106951871658,0.347593582887701
630,0.245989304812834,0.331550802139037,0.422459893048128
631,0.352941176470588,0.342245989304813,0.304812834224599
632,0.358288770053476,0.342245989304813,0.299465240641711
637,0.351063829787234,0.25,0.398936170212766
641,0.347593582887701,0.342245989304813,0.310160427807487
647,0.310160427807487,0.347593582887701,0.342245989304813
651,0.345744680851064,0.340425531914894,0.313829787234043
653,0.492063492063492,0.227513227513228,0.28042328042328
654,0.25668449197861,0.331550802139037,0.411764705882353
661,0.25,0.345744680851064,0.404255319148936
662,0.310160427807487,0.347593582887701,0.342245989304813
663,0.262032085561497,0.347593582887701,0.390374331550802
664,0.60427807486631,0.128342245989305,0.267379679144385
667,0.385026737967914,0.299465240641711,0.315508021390374
669,0.32620320855615,0.352941176470588,0.320855614973262
674,0.306878306878307,0.391534391534392,0.301587301587302
676,0.288770053475936,0.315508021390374,0.39572192513369
677,0.449197860962567,0.192513368983957,0.358288770053476
678,0.379679144385027,0.235294117647059,0.385026737967914
679,0.245989304812834,0.406417112299465,0.347593582887701
680,0.310160427807487,0.352941176470588,0.336898395721925
682,0.299465240641711,0.320855614973262,0.379679144385027
684,0.310160427807487,0.390374331550802,0.299465240641711
685,0.315508021390374,0.352941176470588,0.331550802139037
686,0.331550802139037,0.310160427807487,0.358288770053476
688,0.155080213903743,0.524064171122995,0.320855614973262
690,0.358288770053476,0.342245989304813,0.299465240641711
693,0.251336898395722,0.368983957219251,0.379679144385027
695,0.144385026737968,0.46524064171123,0.390374331550802
696,0.203208556149733,0.390374331550802,0.406417112299465
698,0.245989304812834,0.385026737967914,0.368983957219251
699,0.558510638297872,0.154255319148936,0.287234042553192
700,0.310160427807487,0.368983957219251,0.320855614973262
701,0.240641711229947,0.299465240641711,0.459893048128342
705,0.352941176470588,0.310160427807487,0.336898395721925
708,0.122994652406417,0.486631016042781,0.390374331550802
709,0.213903743315508,0.422459893048128,0.363636363636364
714,0.308510638297872,0.340425531914894,0.351063829787234
715,0.267379679144385,0.32620320855615,0.406417112299465
716,0.319148936170213,0.356382978723404,0.324468085106383
719,0.304812834224599,0.320855614973262,0.374331550802139
721,0.347593582887701,0.342245989304813,0.310160427807487
722,0.310160427807487,0.390374331550802,0.299465240641711
727,0.342245989304813,0.342245989304813,0.315508021390374
728,0.106951871657754,0.572192513368984,0.320855614973262
729,0.0909090909090909,0.566844919786096,0.342245989304813
731,0.310160427807487,0.379679144385027,0.310160427807487
732,0.155080213903743,0.540106951871658,0.304812834224599
733,0.310160427807487,0.385026737967914,0.304812834224599
734,0.310160427807487,0.374331550802139,0.315508021390374
736,0.245989304812834,0.363636363636364,0.390374331550802
737,0.310160427807487,0.374331550802139,0.315508021390374
739,0.229946524064171,0.32620320855615,0.443850267379679
741,0.245989304812834,0.390374331550802,0.363636363636364
743,0.313829787234043,0.345744680851064,0.340425531914894
745,0.251336898395722,0.32620320855615,0.422459893048128
746,0.25531914893617,0.361702127659574,0.382978723404255
747,0.245989304812834,0.39572192513369,0.358288770053476
750,0.310160427807487,0.358288770053476,0.331550802139037
751,0.310160427807487,0.352941176470588,0.336898395721925
753,0.308510638297872,0.382978723404255,0.308510638297872
754,0.245989304812834,0.336898395721925,0.417112299465241
756,0.382978723404255,0.297872340425532,0.319148936170213
761,0.342245989304813,0.342245989304813,0.315508021390374
766,0.245989304812834,0.358288770053476,0.39572192513369
772,0.106951871657754,0.540106951871658,0.352941176470588
775,0.262032085561497,0.363636363636364,0.374331550802139
777,0.310160427807487,0.374331550802139,0.315508021390374
779,0.310160427807487,0.379679144385027,0.310160427807487
785,0.518716577540107,0.165775401069519,0.315508021390374
786,0.165775401069519,0.433155080213904,0.401069518716578
792,0.176470588235294,0.491978609625668,0.331550802139037
793,0.347593582887701,0.342245989304813,0.310160427807487
797,0.310160427807487,0.379679144385027,0.310160427807487
801,0.283422459893048,0.315508021390374,0.401069518716578
802,0.272727272727273,0.331550802139037,0.39572192513369
804,0.288770053475936,0.336898395721925,0.374331550802139
809,0.336898395721925,0.342245989304813,0.320855614973262
812,0.331550802139037,0.347593582887701,0.320855614973262
813,0.245989304812834,0.417112299465241,0.336898395721925
814,0.144385026737968,0.454545454545455,0.401069518716578
817,0.315508021390374,0.347593582887701,0.336898395721925
819,0.320855614973262,0.347593582887701,0.331550802139037
820,0.310160427807487,0.385026737967914,0.304812834224599
827,0.165775401069519,0.508021390374332,0.32620320855615
829,0.372340425531915,0.297872340425532,0.329787234042553
831,0.245989304812834,0.417112299465241,0.336898395721925
836,0.315508021390374,0.347593582887701,0.336898395721925
837,0.422459893048128,0.213903743315508,0.363636363636364
839,0.159574468085106,0.398936170212766,0.441489361702128
840,0.25668449197861,0.379679144385027,0.363636363636364
841,0.283422459893048,0.315508021390374,0.401069518716578
843,0.310160427807487,0.363636363636364,0.32620320855615
845,0.176470588235294,0.401069518716578,0.422459893048128
846,0.336898395721925,0.342245989304813,0.320855614973262
847,0.358288770053476,0.27807486631016,0.363636363636364
849,0.245989304812834,0.347593582887701,0.406417112299465
851,0.203208556149733,0.320855614973262,0.475935828877005
855,0.196808510638298,0.446808510638298,0.356382978723404
858,0.336898395721925,0.304812834224599,0.358288770053476
861,0.128342245989305,0.422459893048128,0.449197860962567
864,0.245989304812834,0.358288770053476,0.39572192513369
867,0.25,0.377659574468085,0.372340425531915
873,0.272727272727273,0.32620320855615,0.401069518716578
874,0.352941176470588,0.342245989304813,0.304812834224599
877,0.245989304812834,0.406417112299465,0.347593582887701
878,0.310160427807487,0.368983957219251,0.320855614973262
886,0.122994652406417,0.481283422459893,0.39572192513369
889,0.262032085561497,0.310160427807487,0.427807486631016
890,0.265957446808511,0.340425531914894,0.393617021276596
896,0.342245989304813,0.310160427807487,0.347593582887701
897,0.310160427807487,0.379679144385027,0.310160427807487
3,0.0855614973262032,0.53475935828877,0.379679144385027
6,0.320855614973262,0.347593582887701,0.331550802139037
9,0.149732620320856,0.443850267379679,0.406417112299465
10,0.32620320855615,0.358288770053476,0.315508021390374
13,0.556149732620321,0.128342245989305,0.315508021390374
14,0.358288770053476,0.342245989304813,0.299465240641711
15,0.310160427807487,0.379679144385027,0.310160427807487
16,0.133689839572193,0.470588235294118,0.39572192513369
17,0.251336898395722,0.262032085561497,0.486631016042781
18,0.245989304812834,0.406417112299465,0.347593582887701
20,0.351063829787234,0.340425531914894,0.308510638297872
21,0.24468085106383,0.414893617021277,0.340425531914894
24,0.288770053475936,0.32620320855615,0.385026737967914
26,0.347593582887701,0.310160427807487,0.342245989304813
33,0.310160427807487,0.390374331550802,0.299465240641711
38,0.491978609625668,0.197860962566845,0.310160427807487
40,0.251336898395722,0.358288770053476,0.390374331550802
41,0.572192513368984,0.133689839572193,0.294117647058824
42,0.347593582887701,0.342245989304813,0.310160427807487
43,0.245989304812834,0.406417112299465,0.347593582887701
44,0.245989304812834,0.406417112299465,0.347593582887701
46,0.133689839572193,0.417112299465241,0.449197860962567
48,0.245989304812834,0.385026737967914,0.368983957219251
49,0.406417112299465,0.18716577540107,0.406417112299465
50,0.267379679144385,0.336898395721925,0.39572192513369
51,0.245989304812834,0.363636363636364,0.390374331550802
52,0.155080213903743,0.491978609625668,0.352941176470588
53,0.203208556149733,0.368983957219251,0.427807486631016
55,0.155080213903743,0.550802139037433,0.294117647058824
57,0.24468085106383,0.393617021276596,0.361702127659574
59,0.310160427807487,0.363636363636364,0.32620320855615
60,0.308510638297872,0.382978723404255,0.308510638297872
61,0.128342245989305,0.572192513368984,0.299465240641711
63,0.310160427807487,0.342245989304813,0.347593582887701
64,0.25668449197861,0.342245989304813,0.401069518716578
65,0.245989304812834,0.417112299465241,0.336898395721925
66,0.390374331550802,0.25668449197861,0.352941176470588
67,0.133689839572193,0.401069518716578,0.46524064171123
68,0.358288770053476,0.342245989304813,0.299465240641711
74,0.310160427807487,0.368983957219251,0.320855614973262
76,0.27807486631016,0.320855614973262,0.401069518716578
77,0.310160427807487,0.368983957219251,0.320855614973262
78,0.310160427807487,0.347593582887701,0.342245989304813
81,0.310160427807487,0.363636363636364,0.32620320855615
83,0.288770053475936,0.310160427807487,0.401069518716578
87,0.310160427807487,0.379679144385027,0.310160427807487
92,0.310160427807487,0.379679144385027,0.310160427807487
97,0.245989304812834,0.39572192513369,0.358288770053476
98,0.310160427807487,0.385026737967914,0.304812834224599
99,0.281914893617021,0.324468085106383,0.393617021276596
100,0.25668449197861,0.342245989304813,0.401069518716578
101,0.276595744680851,0.351063829787234,0.372340425531915
102,0.358288770053476,0.342245989304813,0.299465240641711
104,0.25,0.345744680851064,0.404255319148936
105,0.315508021390374,0.347593582887701,0.336898395721925
106,0.379679144385027,0.299465240641711,0.320855614973262
108,0.251336898395722,0.267379679144385,0.481283422459893
110,0.192513368983957,0.401069518716578,0.406417112299465
112,0.310160427807487,0.385026737967914,0.304812834224599
114,0.358288770053476,0.342245989304813,0.299465240641711
116,0.203208556149733,0.438502673796791,0.358288770053476
117,0.128342245989305,0.524064171122995,0.347593582887701
120,0.320855614973262,0.304812834224599,0.374331550802139
121,0.310160427807487,0.352941176470588,0.336898395721925
122,0.155080213903743,0.459893048128342,0.385026737967914
123,0.223404255319149,0.446808510638298,0.329787234042553
124,0.310160427807487,0.379679144385027,0.310160427807487
126,0.251336898395722,0.368983957219251,0.379679144385027
127,0.32620320855615,0.352941176470588,0.320855614973262
132,0.144385026737968,0.46524064171123,0.390374331550802
134,0.310160427807487,0.315508021390374,0.374331550802139
135,0.361702127659574,0.303191489361702,0.335106382978723
136,0.197860962566845,0.459893048128342,0.342245989304813
137,0.24468085106383,0.398936170212766,0.356382978723404
138,0.25,0.345744680851064,0.404255319148936
139,0.310160427807487,0.374331550802139,0.315508021390374
140,0.245989304812834,0.390374331550802,0.363636363636364
144,0.245989304812834,0.368983957219251,0.385026737967914
145,0.336898395721925,0.304812834224599,0.358288770053476
146,0.267379679144385,0.25668449197861,0.475935828877005
147,0.497326203208556,0.176470588235294,0.32620320855615
148,0.310160427807487,0.352941176470588,0.336898395721925
149,0.310160427807487,0.368983957219251,0.320855614973262
150,0.245989304812834,0.390374331550802,0.363636363636364
151,0.459893048128342,0.176470588235294,0.363636363636364
152,0.379679144385027,0.299465240641711,0.320855614973262
153,0.347593582887701,0.336898395721925,0.315508021390374
154,0.315508021390374,0.347593582887701,0.336898395721925
156,0.358288770053476,0.310160427807487,0.331550802139037
158,0.540106951871658,0.122994652406417,0.336898395721925
160,0.593582887700535,0.101604278074866,0.304812834224599
164,0.352941176470588,0.347593582887701,0.299465240641711
166,0.192513368983957,0.379679144385027,0.427807486631016
167,0.336898395721925,0.245989304812834,0.417112299465241
169,0.368983957219251,0.299465240641711,0.331550802139037
171,0.347593582887701,0.304812834224599,0.347593582887701
173,0.358288770053476,0.219251336898396,0.422459893048128
178,0.372340425531915,0.207446808510638,0.420212765957447
179,0.245989304812834,0.368983957219251,0.385026737967914
181,0.283422459893048,0.315508021390374,0.401069518716578
182,0.310160427807487,0.368983957219251,0.320855614973262
183,0.251336898395722,0.347593582887701,0.401069518716578
184,0.251336898395722,0.363636363636364,0.385026737967914
187,0.342245989304813,0.342245989304813,0.315508021390374
188,0.310160427807487,0.385026737967914,0.304812834224599
190,0.245989304812834,0.379679144385027,0.374331550802139
191,0.245989304812834,0.368983957219251,0.385026737967914
196,0.283422459893048,0.32620320855615,0.390374331550802
198,0.245989304812834,0.411764705882353,0.342245989304813
200,0.310160427807487,0.385026737967914,0.304812834224599
201,0.331550802139037,0.342245989304813,0.32620320855615
202,0.287234042553192,0.313829787234043,0.398936170212766
203,0.358288770053476,0.18716577540107,0.454545454545455
207,0.192513368983957,0.368983957219251,0.438502673796791
209,0.310160427807487,0.385026737967914,0.304812834224599
210,0.315508021390374,0.310160427807487,0.374331550802139
211,0.315508021390374,0.267379679144385,0.417112299465241
212,0.310160427807487,0.347593582887701,0.342245989304813
213,0.127659574468085,0.49468085106383,0.377659574468085
214,0.352941176470588,0.315508021390374,0.331550802139037
217,0.267379679144385,0.331550802139037,0.401069518716578
220,0.336898395721925,0.342245989304813,0.320855614973262
221,0.518716577540107,0.171122994652406,0.310160427807487
223,0.310160427807487,0.363636363636364,0.32620320855615
225,0.308510638297872,0.377659574468085,0.313829787234043
228,0.368983957219251,0.299465240641711,0.331550802139037
231,0.545454545454545,0.149732620320856,0.304812834224599
232,0.352941176470588,0.342245989304813,0.304812834224599
234,0.251336898395722,0.406417112299465,0.342245989304813
235,0.192513368983957,0.406417112299465,0.401069518716578
236,0.347593582887701,0.342245989304813,0.310160427807487
238,0.320855614973262,0.342245989304813,0.336898395721925
239,0.245989304812834,0.363636363636364,0.390374331550802
240,0.112299465240642,0.524064171122995,0.363636363636364
241,0.379679144385027,0.18716577540107,0.433155080213904
242,0.315508021390374,0.358288770053476,0.32620320855615
243,0.310160427807487,0.374331550802139,0.315508021390374
244,0.245989304812834,0.368983957219251,0.385026737967914
245,0.229946524064171,0.272727272727273,0.497326203208556
246,0.336898395721925,0.310160427807487,0.352941176470588
248,0.117647058823529,0.550802139037433,0.331550802139037
249,0.315508021390374,0.304812834224599,0.379679144385027
250,0.411764705882353,0.171122994652406,0.417112299465241
251,0.310160427807487,0.379679144385027,0.310160427807487
252,0.245989304812834,0.385026737967914,0.368983957219251
253,0.352941176470588,0.342245989304813,0.304812834224599
254,0.310160427807487,0.379679144385027,0.310160427807487
255,0.446808510638298,0.154255319148936,0.398936170212766
256,0.363636363636364,0.336898395721925,0.299465240641711
257,0.32620320855615,0.347593582887701,0.32620320855615
259,0.310160427807487,0.363636363636364,0.32620320855615
260,0.154255319148936,0.473404255319149,0.372340425531915
267,0.310160427807487,0.363636363636364,0.32620320855615
269,0.310160427807487,0.363636363636364,0.32620320855615
270,0.203208556149733,0.310160427807487,0.486631016042781
271,0.374331550802139,0.304812834224599,0.320855614973262
273,0.310160427807487,0.390374331550802,0.299465240641711
274,0.310160427807487,0.385026737967914,0.304812834224599
275,0.320855614973262,0.315508021390374,0.363636363636364
276,0.310160427807487,0.385026737967914,0.304812834224599
277,0.245989304812834,0.417112299465241,0.336898395721925
278,0.310160427807487,0.368983957219251,0.320855614973262
279,0.310160427807487,0.358288770053476,0.331550802139037
280,0.112299465240642,0.417112299465241,0.470588235294118
281,0.358288770053476,0.342245989304813,0.299465240641711
284,0.358288770053476,0.342245989304813,0.299465240641711
288,0.265957446808511,0.340425531914894,0.393617021276596
289,0.358288770053476,0.342245989304813,0.299465240641711
290,0.310160427807487,0.342245989304813,0.347593582887701
292,0.352941176470588,0.342245989304813,0.304812834224599
295,0.518716577540107,0.133689839572193,0.347593582887701
297,0.310160427807487,0.385026737967914,0.304812834224599
298,0.60427807486631,0.128342245989305,0.267379679144385
303,0.171122994652406,0.411764705882353,0.417112299465241
304,0.310160427807487,0.379679144385027,0.310160427807487
308,0.245989304812834,0.417112299465241,0.336898395721925
309,0.331550802139037,0.342245989304813,0.32620320855615
310,0.245989304812834,0.422459893048128,0.331550802139037
311,0.310160427807487,0.363636363636364,0.32620320855615
312,0.133689839572193,0.46524064171123,0.401069518716578
314,0.358288770053476,0.342245989304813,0.299465240641711
316,0.427807486631016,0.25668449197861,0.315508021390374
317,0.155080213903743,0.508021390374332,0.336898395721925
318,0.374331550802139,0.299465240641711,0.32620320855615
319,0.352941176470588,0.342245989304813,0.304812834224599
320,0.26063829787234,0.340425531914894,0.398936170212766
322,0.265957446808511,0.324468085106383,0.409574468085106
326,0.310160427807487,0.363636363636364,0.32620320855615
328,0.315508021390374,0.374331550802139,0.310160427807487
330,0.572192513368984,0.122994652406417,0.304812834224599
331,0.572192513368984,0.18716577540107,0.240641711229947
332,0.310160427807487,0.374331550802139,0.315508021390374
334,0.27807486631016,0.245989304812834,0.475935828877005
335,0.49468085106383,0.207446808510638,0.297872340425532
337,0.310160427807487,0.390374331550802,0.299465240641711
341,0.320855614973262,0.347593582887701,0.331550802139037
344,0.320855614973262,0.352941176470588,0.32620320855615
345,0.245989304812834,0.352941176470588,0.401069518716578
347,0.245989304812834,0.39572192513369,0.358288770053476
348,0.0855614973262032,0.529411764705882,0.385026737967914
349,0.358288770053476,0.342245989304813,0.299465240641711
350,0.572192513368984,0.112299465240642,0.315508021390374
352,0.368983957219251,0.288770053475936,0.342245989304813
353,0.352941176470588,0.342245989304813,0.304812834224599
354,0.310160427807487,0.368983957219251,0.320855614973262
356,0.342245989304813,0.342245989304813,0.315508021390374
357,0.245989304812834,0.358288770053476,0.39572192513369
360,0.319148936170213,0.345744680851064,0.335106382978723
361,0.315508021390374,0.347593582887701,0.336898395721925
363,0.310160427807487,0.379679144385027,0.310160427807487
364,0.331550802139037,0.342245989304813,0.32620320855615
365,0.342245989304813,0.347593582887701,0.310160427807487
370,0.374331550802139,0.304812834224599,0.320855614973262
371,0.593582887700535,0.128342245989305,0.27807486631016
372,0.310160427807487,0.347593582887701,0.342245989304813
373,0.296296296296296,0.317460317460317,0.386243386243386
374,0.310160427807487,0.368983957219251,0.320855614973262
376,0.593582887700535,0.165775401069519,0.240641711229947
377,0.117647058823529,0.540106951871658,0.342245989304813
378,0.310160427807487,0.347593582887701,0.342245989304813
379,0.245989304812834,0.352941176470588,0.401069518716578
380,0.245989304812834,0.336898395721925,0.417112299465241
381,0.319148936170213,0.351063829787234,0.329787234042553
382,0.245989304812834,0.39572192513369,0.358288770053476
383,0.310160427807487,0.374331550802139,0.315508021390374
384,0.315508021390374,0.347593582887701,0.336898395721925
386,0.385026737967914,0.299465240641711,0.315508021390374
388,0.352941176470588,0.342245989304813,0.304812834224599
391,0.25,0.324468085106383,0.425531914893617
392,0.454545454545455,0.192513368983957,0.352941176470588
395,0.320855614973262,0.347593582887701,0.331550802139037
396,0.315508021390374,0.352941176470588,0.331550802139037
398,0.347593582887701,0.342245989304813,0.310160427807487
400,0.577540106951872,0.122994652406417,0.299465240641711
402,0.540106951871658,0.149732620320856,0.310160427807487
403,0.24468085106383,0.404255319148936,0.351063829787234
405,0.481283422459893,0.176470588235294,0.342245989304813
406,0.310160427807487,0.390374331550802,0.299465240641711
407,0.27807486631016,0.320855614973262,0.401069518716578
408,0.267379679144385,0.336898395721925,0.39572192513369
411,0.352941176470588,0.342245989304813,0.304812834224599
413,0.352941176470588,0.342245989304813,0.304812834224599
414,0.385026737967914,0.299465240641711,0.315508021390374
415,0.577540106951872,0.171122994652406,0.251336898395722
417,0.32620320855615,0.347593582887701,0.32620320855615
418,0.336898395721925,0.342245989304813,0.320855614973262
420,0.160427807486631,0.336898395721925,0.502673796791444
423,0.385026737967914,0.299465240641711,0.315508021390374
424,0.352941176470588,0.342245989304813,0.304812834224599
425,0.186170212765957,0.372340425531915,0.441489361702128
426,0.347593582887701,0.342245989304813,0.310160427807487
430,0.342245989304813,0.342245989304813,0.315508021390374
431,0.427807486631016,0.219251336898396,0.352941176470588
432,0.32620320855615,0.358288770053476,0.315508021390374
433,0.310160427807487,0.374331550802139,0.315508021390374
436,0.310160427807487,0.368983957219251,0.320855614973262
437,0.379679144385027,0.299465240641711,0.320855614973262
438,0.310160427807487,0.374331550802139,0.315508021390374
439,0.336898395721925,0.342245989304813,0.320855614973262
440,0.374331550802139,0.304812834224599,0.320855614973262
441,0.315508021390374,0.310160427807487,0.374331550802139
442,0.133689839572193,0.401069518716578,0.46524064171123
443,0.361702127659574,0.297872340425532,0.340425531914894
444,0.294117647058824,0.374331550802139,0.331550802139037
445,0.25668449197861,0.352941176470588,0.390374331550802
446,0.310160427807487,0.379679144385027,0.310160427807487
449,0.26063829787234,0.377659574468085,0.361702127659574
451,0.245989304812834,0.390374331550802,0.363636363636364
452,0.422459893048128,0.18716577540107,0.390374331550802
453,0.331550802139037,0.310160427807487,0.358288770053476
455,0.160427807486631,0.433155080213904,0.406417112299465
456,0.310160427807487,0.347593582887701,0.342245989304813
457,0.315508021390374,0.320855614973262,0.363636363636364
459,0.347593582887701,0.235294117647059,0.417112299465241
460,0.310160427807487,0.390374331550802,0.299465240641711
461,0.245989304812834,0.39572192513369,0.358288770053476
463,0.245989304812834,0.379679144385027,0.374331550802139
468,0.251336898395722,0.385026737967914,0.363636363636364
469,0.196808510638298,0.335106382978723,0.468085106382979
471,0.32620320855615,0.310160427807487,0.363636363636364
473,0.347593582887701,0.299465240641711,0.352941176470588
474,0.320855614973262,0.347593582887701,0.331550802139037
475,0.310160427807487,0.390374331550802,0.299465240641711
477,0.245989304812834,0.401069518716578,0.352941176470588
478,0.310160427807487,0.385026737967914,0.304812834224599
479,0.181818181818182,0.39572192513369,0.422459893048128
480,0.32620320855615,0.347593582887701,0.32620320855615
483,0.18716577540107,0.427807486631016,0.385026737967914
484,0.379679144385027,0.229946524064171,0.390374331550802
485,0.356382978723404,0.340425531914894,0.303191489361702
486,0.181818181818182,0.449197860962567,0.368983957219251
488,0.550802139037433,0.149732620320856,0.299465240641711
489,0.310160427807487,0.358288770053476,0.331550802139037
490,0.25668449197861,0.352941176470588,0.390374331550802
491,0.265957446808511,0.276595744680851,0.457446808510638
493,0.160427807486631,0.449197860962567,0.390374331550802
496,0.352941176470588,0.342245989304813,0.304812834224599
498,0.245989304812834,0.352941176470588,0.401069518716578
499,0.524064171122995,0.165775401069519,0.310160427807487
500,0.310160427807487,0.368983957219251,0.320855614973262
503,0.245989304812834,0.379679144385027,0.374331550802139
504,0.294117647058824,0.331550802139037,0.374331550802139
505,0.363636363636364,0.299465240641711,0.336898395721925
508,0.342245989304813,0.342245989304813,0.315508021390374
512,0.181818181818182,0.502673796791444,0.315508021390374
513,0.245989304812834,0.385026737967914,0.368983957219251
516,0.27807486631016,0.342245989304813,0.379679144385027
517,0.292553191489362,0.340425531914894,0.367021276595745
519,0.502673796791444,0.144385026737968,0.352941176470588
521,0.288770053475936,0.315508021390374,0.39572192513369
522,0.310160427807487,0.390374331550802,0.299465240641711
524,0.308510638297872,0.367021276595745,0.324468085106383
525,0.229946524064171,0.27807486631016,0.491978609625668
526,0.556149732620321,0.155080213903743,0.288770053475936
527,0.352941176470588,0.342245989304813,0.304812834224599
529,0.313829787234043,0.351063829787234,0.335106382978723
530,0.385026737967914,0.171122994652406,0.443850267379679
531,0.368983957219251,0.299465240641711,0.331550802139037
532,0.374331550802139,0.299465240641711,0.32620320855615
533,0.272727272727273,0.358288770053476,0.368983957219251
535,0.347593582887701,0.304812834224599,0.347593582887701
537,0.331550802139037,0.342245989304813,0.32620320855615
538,0.310160427807487,0.385026737967914,0.304812834224599
539,0.13903743315508,0.401069518716578,0.459893048128342
541,0.385026737967914,0.299465240641711,0.315508021390374
543,0.27807486631016,0.342245989304813,0.379679144385027
544,0.572192513368984,0.144385026737968,0.283422459893048
546,0.229946524064171,0.320855614973262,0.449197860962567
548,0.358288770053476,0.342245989304813,0.299465240641711
550,0.310160427807487,0.390374331550802,0.299465240641711
551,0.310160427807487,0.385026737967914,0.304812834224599
554,0.310160427807487,0.358288770053476,0.331550802139037
555,0.310160427807487,0.352941176470588,0.336898395721925
560,0.502673796791444,0.155080213903743,0.342245989304813
562,0.385026737967914,0.299465240641711,0.315508021390374
563,0.25668449197861,0.368983957219251,0.374331550802139
566,0.342245989304813,0.342245989304813,0.315508021390374
567,0.245989304812834,0.406417112299465,0.347593582887701
568,0.251336898395722,0.363636363636364,0.385026737967914
569,0.0962566844919786,0.550802139037433,0.352941176470588
571,0.117647058823529,0.449197860962567,0.433155080213904
572,0.171122994652406,0.379679144385027,0.449197860962567
573,0.267379679144385,0.336898395721925,0.39572192513369
576,0.197860962566845,0.32620320855615,0.475935828877005
577,0.454545454545455,0.213903743315508,0.331550802139037
578,0.27807486631016,0.331550802139037,0.390374331550802
587,0.352941176470588,0.342245989304813,0.304812834224599
588,0.122994652406417,0.454545454545455,0.422459893048128
591,0.358288770053476,0.342245989304813,0.299465240641711
592,0.165775401069519,0.422459893048128,0.411764705882353
595,0.308510638297872,0.377659574468085,0.313829787234043
596,0.374331550802139,0.299465240641711,0.32620320855615
597,0.106951871657754,0.524064171122995,0.368983957219251
599,0.358288770053476,0.342245989304813,0.299465240641711
602,0.310160427807487,0.352941176470588,0.336898395721925
603,0.18716577540107,0.411764705882353,0.401069518716578
605,0.310160427807487,0.363636363636364,0.32620320855615
606,0.368983957219251,0.299465240641711,0.331550802139037
611,0.529411764705882,0.181818181818182,0.288770053475936
612,0.24468085106383,0.398936170212766,0.356382978723404
613,0.25668449197861,0.262032085561497,0.481283422459893
615,0.368983957219251,0.304812834224599,0.32620320855615
618,0.342245989304813,0.342245989304813,0.315508021390374
619,0.379679144385027,0.299465240641711,0.320855614973262
620,0.336898395721925,0.342245989304813,0.320855614973262
622,0.213903743315508,0.422459893048128,0.363636363636364
623,0.251336898395722,0.390374331550802,0.358288770053476
624,0.315508021390374,0.358288770053476,0.32620320855615
626,0.310160427807487,0.342245989304813,0.347593582887701
628,0.310160427807487,0.374331550802139,0.315508021390374
629,0.336898395721925,0.342245989304813,0.320855614973262
633,0.358288770053476,0.342245989304813,0.299465240641711
634,0.155080213903743,0.497326203208556,0.347593582887701
635,0.385026737967914,0.299465240641711,0.315508021390374
636,0.283422459893048,0.331550802139037,0.385026737967914
638,0.347593582887701,0.342245989304813,0.310160427807487
639,0.24468085106383,0.382978723404255,0.372340425531915
640,0.283422459893048,0.320855614973262,0.39572192513369
642,0.32620320855615,0.235294117647059,0.438502673796791
643,0.128342245989305,0.502673796791444,0.368983957219251
644,0.310160427807487,0.379679144385027,0.310160427807487
645,0.542553191489362,0.175531914893617,0.281914893617021
646,0.358288770053476,0.342245989304813,0.299465240641711
648,0.281914893617021,0.324468085106383,0.393617021276596
649,0.267379679144385,0.331550802139037,0.401069518716578
650,0.352941176470588,0.347593582887701,0.299465240641711
652,0.352941176470588,0.299465240641711,0.347593582887701
655,0.356382978723404,0.340425531914894,0.303191489361702
656,0.329787234042553,0.340425531914894,0.329787234042553
657,0.393617021276596,0.228723404255319,0.377659574468085
658,0.245989304812834,0.379679144385027,0.374331550802139
659,0.251336898395722,0.390374331550802,0.358288770053476
660,0.358288770053476,0.342245989304813,0.299465240641711
665,0.292553191489362,0.313829787234043,0.393617021276596
666,0.315508021390374,0.320855614973262,0.363636363636364
668,0.245989304812834,0.379679144385027,0.374331550802139
670,0.149732620320856,0.53475935828877,0.315508021390374
671,0.32620320855615,0.342245989304813,0.331550802139037
672,0.315508021390374,0.315508021390374,0.368983957219251
673,0.191489361702128,0.430851063829787,0.377659574468085
675,0.310160427807487,0.224598930481283,0.46524064171123
681,0.251336898395722,0.39572192513369,0.352941176470588
683,0.262032085561497,0.288770053475936,0.449197860962567
687,0.245989304812834,0.411764705882353,0.342245989304813
689,0.556149732620321,0.181818181818182,0.262032085561497
691,0.117647058823529,0.518716577540107,0.363636363636364
692,0.310160427807487,0.379679144385027,0.310160427807487
694,0.368983957219251,0.304812834224599,0.32620320855615
697,0.262032085561497,0.347593582887701,0.390374331550802
702,0.358288770053476,0.342245989304813,0.299465240641711
703,0.352941176470588,0.342245989304813,0.304812834224599
704,0.352941176470588,0.245989304812834,0.401069518716578
706,0.310160427807487,0.390374331550802,0.299465240641711
707,0.315508021390374,0.304812834224599,0.379679144385027
710,0.310160427807487,0.374331550802139,0.315508021390374
711,0.352941176470588,0.342245989304813,0.304812834224599
712,0.202127659574468,0.340425531914894,0.457446808510638
713,0.165775401069519,0.481283422459893,0.352941176470588
717,0.24468085106383,0.361702127659574,0.393617021276596
718,0.336898395721925,0.310160427807487,0.352941176470588
720,0.352941176470588,0.342245989304813,0.304812834224599
723,0.315508021390374,0.368983957219251,0.315508021390374
724,0.308510638297872,0.377659574468085,0.313829787234043
725,0.310160427807487,0.368983957219251,0.320855614973262
726,0.352941176470588,0.342245989304813,0.304812834224599
730,0.379679144385027,0.299465240641711,0.320855614973262
735,0.315508021390374,0.363636363636364,0.320855614973262
738,0.320855614973262,0.358288770053476,0.320855614973262
740,0.310160427807487,0.363636363636364,0.32620320855615
742,0.588235294117647,0.128342245989305,0.283422459893048
744,0.192513368983957,0.342245989304813,0.46524064171123
748,0.288770053475936,0.32620320855615,0.385026737967914
749,0.310160427807487,0.363636363636364,0.32620320855615
752,0.160427807486631,0.390374331550802,0.449197860962567
755,0.251336898395722,0.32620320855615,0.422459893048128
757,0.224598930481283,0.411764705882353,0.363636363636364
758,0.320855614973262,0.352941176470588,0.32620320855615
759,0.363636363636364,0.336898395721925,0.299465240641711
760,0.25668449197861,0.352941176470588,0.390374331550802
762,0.352941176470588,0.342245989304813,0.304812834224599
763,0.117647058823529,0.518716577540107,0.363636363636364
764,0.267379679144385,0.368983957219251,0.363636363636364
765,0.588235294117647,0.117647058823529,0.294117647058824
767,0.452127659574468,0.186170212765957,0.361702127659574
768,0.524064171122995,0.181818181818182,0.294117647058824
769,0.26063829787234,0.335106382978723,0.404255319148936
770,0.438502673796791,0.197860962566845,0.363636363636364
771,0.223404255319149,0.335106382978723,0.441489361702128
773,0.219251336898396,0.347593582887701,0.433155080213904
774,0.310160427807487,0.379679144385027,0.310160427807487
776,0.240641711229947,0.427807486631016,0.331550802139037
778,0.24468085106383,0.398936170212766,0.356382978723404
780,0.18716577540107,0.427807486631016,0.385026737967914
781,0.25668449197861,0.342245989304813,0.401069518716578
782,0.310160427807487,0.347593582887701,0.342245989304813
783,0.297872340425532,0.319148936170213,0.382978723404255
784,0.245989304812834,0.358288770053476,0.39572192513369
787,0.347593582887701,0.342245989304813,0.310160427807487
788,0.308510638297872,0.382978723404255,0.308510638297872
789,0.181818181818182,0.39572192513369,0.422459893048128
790,0.368983957219251,0.304812834224599,0.32620320855615
791,0.347593582887701,0.342245989304813,0.310160427807487
794,0.310160427807487,0.363636363636364,0.32620320855615
795,0.310160427807487,0.368983957219251,0.320855614973262
796,0.331550802139037,0.347593582887701,0.320855614973262
798,0.25668449197861,0.363636363636364,0.379679144385027
799,0.347593582887701,0.342245989304813,0.310160427807487
800,0.245989304812834,0.39572192513369,0.358288770053476
803,0.310160427807487,0.363636363636364,0.32620320855615
805,0.368983957219251,0.304812834224599,0.32620320855615
806,0.245989304812834,0.417112299465241,0.336898395721925
807,0.181818181818182,0.46524064171123,0.352941176470588
808,0.267379679144385,0.336898395721925,0.39572192513369
810,0.171122994652406,0.481283422459893,0.347593582887701
811,0.46524064171123,0.197860962566845,0.336898395721925
815,0.531914893617021,0.186170212765957,0.281914893617021
816,0.287234042553192,0.329787234042553,0.382978723404255
818,0.577540106951872,0.128342245989305,0.294117647058824
821,0.547872340425532,0.138297872340426,0.313829787234043
822,0.320855614973262,0.342245989304813,0.336898395721925
823,0.251336898395722,0.379679144385027,0.368983957219251
824,0.219251336898396,0.417112299465241,0.363636363636364
825,0.379679144385027,0.299465240641711,0.320855614973262
826,0.272727272727273,0.347593582887701,0.379679144385027
828,0.347593582887701,0.342245989304813,0.310160427807487
830,0.170212765957447,0.335106382978723,0.49468085106383
832,0.486631016042781,0.155080213903743,0.358288770053476
833,0.574468085106383,0.138297872340426,0.287234042553192
834,0.358288770053476,0.342245989304813,0.299465240641711
835,0.310160427807487,0.363636363636364,0.32620320855615
838,0.368983957219251,0.299465240641711,0.331550802139037
842,0.171122994652406,0.433155080213904,0.39572192513369
844,0.310160427807487,0.390374331550802,0.299465240641711
848,0.553191489361702,0.186170212765957,0.26063829787234
850,0.245989304812834,0.422459893048128,0.331550802139037
852,0.577540106951872,0.149732620320856,0.272727272727273
853,0.155080213903743,0.406417112299465,0.438502673796791
854,0.308510638297872,0.382978723404255,0.308510638297872
856,0.262032085561497,0.363636363636364,0.374331550802139
857,0.358288770053476,0.310160427807487,0.331550802139037
859,0.262032085561497,0.331550802139037,0.406417112299465
860,0.352941176470588,0.342245989304813,0.304812834224599
862,0.478723404255319,0.212765957446809,0.308510638297872
863,0.13903743315508,0.433155080213904,0.427807486631016
865,0.133689839572193,0.518716577540107,0.347593582887701
866,0.27807486631016,0.315508021390374,0.406417112299465
868,0.310160427807487,0.385026737967914,0.304812834224599
869,0.319148936170213,0.313829787234043,0.367021276595745
870,0.251336898395722,0.390374331550802,0.358288770053476
871,0.267379679144385,0.336898395721925,0.39572192513369
872,0.251336898395722,0.358288770053476,0.390374331550802
875,0.308510638297872,0.377659574468085,0.313829787234043
876,0.347593582887701,0.342245989304813,0.310160427807487
879,0.470588235294118,0.192513368983957,0.336898395721925
880,0.245989304812834,0.374331550802139,0.379679144385027
881,0.0797872340425532,0.521276595744681,0.398936170212766
882,0.245989304812834,0.379679144385027,0.374331550802139
883,0.310160427807487,0.347593582887701,0.342245989304813
884,0.245989304812834,0.336898395721925,0.417112299465241
885,0.358288770053476,0.342245989304813,0.299465240641711
887,0.112299465240642,0.566844919786096,0.320855614973262
888,0.310160427807487,0.374331550802139,0.315508021390374
891,0.154255319148936,0.48936170212766,0.356382978723404
892,0.310160427807487,0.374331550802139,0.315508021390374
893,0.196808510638298,0.329787234042553,0.473404255319149
894,0.379679144385027,0.299465240641711,0.320855614973262
895,0.310160427807487,0.374331550802139,0.315508021390374
898,0.385026737967914,0.299465240641711,0.315508021390374
899,0.358288770053476,0.342245989304813,0.299465240641711
